image_id,filename,disease_label,disease_code,relative_path,full_path,split
SEH001,20231006_163740.jpg,sehat,0,sehat\20231006_163740.jpg,C:\ML\bigdata\Penyakit_Daun_Padi_Indonesia\sehat\20231006_163740.jpg,train
SEH002,20231006_163746.jpg,sehat,0,sehat\20231006_163746.jpg,C:\ML\bigdata\Penyakit_Daun_Padi_Indonesia\sehat\20231006_163746.jpg,train
SEH003,20231006_165517(0).jpg,sehat,0,sehat\20231006_165517(0).jpg,C:\ML\bigdata\Penyakit_Daun_Padi_Indonesia\sehat\20231006_165517(0).jpg,train
SEH004,20231006_165518.jpg,sehat,0,sehat\20231006_165518.jpg,C:\ML\bigdata\Penyakit_Daun_Padi_Indonesia\sehat\20231006_165518.jpg,train
SEH005,Healthy_rice_leaf (10).jpg,sehat,0,sehat\Healthy_rice_leaf (10).jpg,C:\ML\bigdata\Penyakit_Daun_Padi_Indonesia\sehat\Healthy_rice_leaf (10).jpg,train
SEH006,Healthy_rice_leaf (100).jpg,sehat,0,sehat\Healthy_rice_leaf (100).jpg,C:\ML\bigdata\Penyakit_Daun_Padi_Indonesia\sehat\Healthy_rice_leaf (100).jpg,train
SEH008,Healthy_rice_leaf (102).jpg,sehat,0,sehat\Healthy_rice_leaf (102).jpg,C:\ML\bigdata\Penyakit_Daun_Padi_Indonesia\sehat\Healthy_rice_leaf (102).jpg,train
SEH009,Healthy_rice_leaf (106).jpg,sehat,0,sehat\Healthy_rice_leaf (106).jpg,C:\ML\bigdata\Penyakit_Daun_Padi_Indonesia\sehat\Healthy_rice_leaf (106).jpg,train
SEH010,Healthy_rice_leaf (107).jpg,sehat,0,sehat\Healthy_rice_leaf (107).jpg,C:\ML\bigdata\Penyakit_Daun_Padi_Indonesia\sehat\Healthy_rice_leaf (107).jpg,train
SEH011,Healthy_rice_leaf (108).jpg,sehat,0,sehat\Healthy_rice_leaf (108).jpg,C:\ML\bigdata\Penyakit_Daun_Padi_Indonesia\sehat\Healthy_rice_leaf (108).jpg,train
SEH012,Healthy_rice_leaf (109).jpg,sehat,0,sehat\Healthy_rice_leaf (109).jpg,C:\ML\bigdata\Penyakit_Daun_Padi_Indonesia\sehat\Healthy_rice_leaf (109).jpg,train
SEH013,Healthy_rice_leaf (11).jpg,sehat,0,sehat\Healthy_rice_leaf (11).jpg,C:\ML\bigdata\Penyakit_Daun_Padi_Indonesia\sehat\Healthy_rice_leaf (11).jpg,train
SEH014,Healthy_rice_leaf (110).jpg,sehat,0,sehat\Healthy_rice_leaf (110).jpg,C:\ML\bigdata\Penyakit_Daun_Padi_Indonesia\sehat\Healthy_rice_leaf (110).jpg,train
SEH015,Healthy_rice_leaf (111).jpg,sehat,0,sehat\Healthy_rice_leaf (111).jpg,C:\ML\bigdata\Penyakit_Daun_Padi_Indonesia\sehat\Healthy_rice_leaf (111).jpg,train
SEH016,Healthy_rice_leaf (112).jpg,sehat,0,sehat\Healthy_rice_leaf (112).jpg,C:\ML\bigdata\Penyakit_Daun_Padi_Indonesia\sehat\Healthy_rice_leaf (112).jpg,train
SEH017,Healthy_rice_leaf (113).jpg,sehat,0,sehat\Healthy_rice_leaf (113).jpg,C:\ML\bigdata\Penyakit_Daun_Padi_Indonesia\sehat\Healthy_rice_leaf (113).jpg,train
SEH018,Healthy_rice_leaf (117).jpg,sehat,0,sehat\Healthy_rice_leaf (117).jpg,C:\ML\bigdata\Penyakit_Daun_Padi_Indonesia\sehat\Healthy_rice_leaf (117).jpg,train
SEH020,Healthy_rice_leaf (119).jpg,sehat,0,sehat\Healthy_rice_leaf (119).jpg,C:\ML\bigdata\Penyakit_Daun_Padi_Indonesia\sehat\Healthy_rice_leaf (119).jpg,train
SEH022,Healthy_rice_leaf (121).jpg,sehat,0,sehat\Healthy_rice_leaf (121).jpg,C:\ML\bigdata\Penyakit_Daun_Padi_Indonesia\sehat\Healthy_rice_leaf (121).jpg,train
SEH023,Healthy_rice_leaf (14).jpg,sehat,0,sehat\Healthy_rice_leaf (14).jpg,C:\ML\bigdata\Penyakit_Daun_Padi_Indonesia\sehat\Healthy_rice_leaf (14).jpg,train
SEH024,Healthy_rice_leaf (179).jpg,sehat,0,sehat\Healthy_rice_leaf (179).jpg,C:\ML\bigdata\Penyakit_Daun_Padi_Indonesia\sehat\Healthy_rice_leaf (179).jpg,train
SEH026,Healthy_rice_leaf (19).jpg,sehat,0,sehat\Healthy_rice_leaf (19).jpg,C:\ML\bigdata\Penyakit_Daun_Padi_Indonesia\sehat\Healthy_rice_leaf (19).jpg,train
SEH027,Healthy_rice_leaf (20).jpg,sehat,0,sehat\Healthy_rice_leaf (20).jpg,C:\ML\bigdata\Penyakit_Daun_Padi_Indonesia\sehat\Healthy_rice_leaf (20).jpg,train
SEH028,Healthy_rice_leaf (21).jpg,sehat,0,sehat\Healthy_rice_leaf (21).jpg,C:\ML\bigdata\Penyakit_Daun_Padi_Indonesia\sehat\Healthy_rice_leaf (21).jpg,train
SEH030,Healthy_rice_leaf (23).jpg,sehat,0,sehat\Healthy_rice_leaf (23).jpg,C:\ML\bigdata\Penyakit_Daun_Padi_Indonesia\sehat\Healthy_rice_leaf (23).jpg,train
SEH032,Healthy_rice_leaf (29).jpg,sehat,0,sehat\Healthy_rice_leaf (29).jpg,C:\ML\bigdata\Penyakit_Daun_Padi_Indonesia\sehat\Healthy_rice_leaf (29).jpg,train
SEH033,Healthy_rice_leaf (3).jpg,sehat,0,sehat\Healthy_rice_leaf (3).jpg,C:\ML\bigdata\Penyakit_Daun_Padi_Indonesia\sehat\Healthy_rice_leaf (3).jpg,train
SEH035,Healthy_rice_leaf (31).jpg,sehat,0,sehat\Healthy_rice_leaf (31).jpg,C:\ML\bigdata\Penyakit_Daun_Padi_Indonesia\sehat\Healthy_rice_leaf (31).jpg,train
SEH036,Healthy_rice_leaf (32).jpg,sehat,0,sehat\Healthy_rice_leaf (32).jpg,C:\ML\bigdata\Penyakit_Daun_Padi_Indonesia\sehat\Healthy_rice_leaf (32).jpg,train
SEH038,Healthy_rice_leaf (34).jpg,sehat,0,sehat\Healthy_rice_leaf (34).jpg,C:\ML\bigdata\Penyakit_Daun_Padi_Indonesia\sehat\Healthy_rice_leaf (34).jpg,train
SEH040,Healthy_rice_leaf (36).jpg,sehat,0,sehat\Healthy_rice_leaf (36).jpg,C:\ML\bigdata\Penyakit_Daun_Padi_Indonesia\sehat\Healthy_rice_leaf (36).jpg,train
SEH041,Healthy_rice_leaf (40).jpg,sehat,0,sehat\Healthy_rice_leaf (40).jpg,C:\ML\bigdata\Penyakit_Daun_Padi_Indonesia\sehat\Healthy_rice_leaf (40).jpg,train
SEH042,Healthy_rice_leaf (41).jpg,sehat,0,sehat\Healthy_rice_leaf (41).jpg,C:\ML\bigdata\Penyakit_Daun_Padi_Indonesia\sehat\Healthy_rice_leaf (41).jpg,train
SEH043,Healthy_rice_leaf (42).jpg,sehat,0,sehat\Healthy_rice_leaf (42).jpg,C:\ML\bigdata\Penyakit_Daun_Padi_Indonesia\sehat\Healthy_rice_leaf (42).jpg,train
SEH044,Healthy_rice_leaf (43).jpg,sehat,0,sehat\Healthy_rice_leaf (43).jpg,C:\ML\bigdata\Penyakit_Daun_Padi_Indonesia\sehat\Healthy_rice_leaf (43).jpg,train
SEH045,Healthy_rice_leaf (44).jpg,sehat,0,sehat\Healthy_rice_leaf (44).jpg,C:\ML\bigdata\Penyakit_Daun_Padi_Indonesia\sehat\Healthy_rice_leaf (44).jpg,train
SEH046,Healthy_rice_leaf (45).jpg,sehat,0,sehat\Healthy_rice_leaf (45).jpg,C:\ML\bigdata\Penyakit_Daun_Padi_Indonesia\sehat\Healthy_rice_leaf (45).jpg,train
SEH047,Healthy_rice_leaf (46).jpg,sehat,0,sehat\Healthy_rice_leaf (46).jpg,C:\ML\bigdata\Penyakit_Daun_Padi_Indonesia\sehat\Healthy_rice_leaf (46).jpg,train
SEH048,Healthy_rice_leaf (47).jpg,sehat,0,sehat\Healthy_rice_leaf (47).jpg,C:\ML\bigdata\Penyakit_Daun_Padi_Indonesia\sehat\Healthy_rice_leaf (47).jpg,train
SEH049,Healthy_rice_leaf (51).jpg,sehat,0,sehat\Healthy_rice_leaf (51).jpg,C:\ML\bigdata\Penyakit_Daun_Padi_Indonesia\sehat\Healthy_rice_leaf (51).jpg,train
SEH050,Healthy_rice_leaf (52).jpg,sehat,0,sehat\Healthy_rice_leaf (52).jpg,C:\ML\bigdata\Penyakit_Daun_Padi_Indonesia\sehat\Healthy_rice_leaf (52).jpg,train
SEH051,Healthy_rice_leaf (53).jpg,sehat,0,sehat\Healthy_rice_leaf (53).jpg,C:\ML\bigdata\Penyakit_Daun_Padi_Indonesia\sehat\Healthy_rice_leaf (53).jpg,train
SEH052,Healthy_rice_leaf (54).jpg,sehat,0,sehat\Healthy_rice_leaf (54).jpg,C:\ML\bigdata\Penyakit_Daun_Padi_Indonesia\sehat\Healthy_rice_leaf (54).jpg,train
SEH053,Healthy_rice_leaf (55).jpg,sehat,0,sehat\Healthy_rice_leaf (55).jpg,C:\ML\bigdata\Penyakit_Daun_Padi_Indonesia\sehat\Healthy_rice_leaf (55).jpg,train
SEH055,Healthy_rice_leaf (57).jpg,sehat,0,sehat\Healthy_rice_leaf (57).jpg,C:\ML\bigdata\Penyakit_Daun_Padi_Indonesia\sehat\Healthy_rice_leaf (57).jpg,train
SEH056,Healthy_rice_leaf (58).jpg,sehat,0,sehat\Healthy_rice_leaf (58).jpg,C:\ML\bigdata\Penyakit_Daun_Padi_Indonesia\sehat\Healthy_rice_leaf (58).jpg,train
SEH057,Healthy_rice_leaf (62).jpg,sehat,0,sehat\Healthy_rice_leaf (62).jpg,C:\ML\bigdata\Penyakit_Daun_Padi_Indonesia\sehat\Healthy_rice_leaf (62).jpg,train
SEH058,Healthy_rice_leaf (63).jpg,sehat,0,sehat\Healthy_rice_leaf (63).jpg,C:\ML\bigdata\Penyakit_Daun_Padi_Indonesia\sehat\Healthy_rice_leaf (63).jpg,train
SEH059,Healthy_rice_leaf (64).jpg,sehat,0,sehat\Healthy_rice_leaf (64).jpg,C:\ML\bigdata\Penyakit_Daun_Padi_Indonesia\sehat\Healthy_rice_leaf (64).jpg,train
SEH060,Healthy_rice_leaf (65).jpg,sehat,0,sehat\Healthy_rice_leaf (65).jpg,C:\ML\bigdata\Penyakit_Daun_Padi_Indonesia\sehat\Healthy_rice_leaf (65).jpg,train
SEH062,Healthy_rice_leaf (67).jpg,sehat,0,sehat\Healthy_rice_leaf (67).jpg,C:\ML\bigdata\Penyakit_Daun_Padi_Indonesia\sehat\Healthy_rice_leaf (67).jpg,train
SEH063,Healthy_rice_leaf (68).jpg,sehat,0,sehat\Healthy_rice_leaf (68).jpg,C:\ML\bigdata\Penyakit_Daun_Padi_Indonesia\sehat\Healthy_rice_leaf (68).jpg,train
SEH064,Healthy_rice_leaf (69).jpg,sehat,0,sehat\Healthy_rice_leaf (69).jpg,C:\ML\bigdata\Penyakit_Daun_Padi_Indonesia\sehat\Healthy_rice_leaf (69).jpg,train
SEH066,Healthy_rice_leaf (73).jpg,sehat,0,sehat\Healthy_rice_leaf (73).jpg,C:\ML\bigdata\Penyakit_Daun_Padi_Indonesia\sehat\Healthy_rice_leaf (73).jpg,train
SEH067,Healthy_rice_leaf (74).jpg,sehat,0,sehat\Healthy_rice_leaf (74).jpg,C:\ML\bigdata\Penyakit_Daun_Padi_Indonesia\sehat\Healthy_rice_leaf (74).jpg,train
SEH068,Healthy_rice_leaf (75).jpg,sehat,0,sehat\Healthy_rice_leaf (75).jpg,C:\ML\bigdata\Penyakit_Daun_Padi_Indonesia\sehat\Healthy_rice_leaf (75).jpg,train
SEH069,Healthy_rice_leaf (76).jpg,sehat,0,sehat\Healthy_rice_leaf (76).jpg,C:\ML\bigdata\Penyakit_Daun_Padi_Indonesia\sehat\Healthy_rice_leaf (76).jpg,train
SEH070,Healthy_rice_leaf (77).jpg,sehat,0,sehat\Healthy_rice_leaf (77).jpg,C:\ML\bigdata\Penyakit_Daun_Padi_Indonesia\sehat\Healthy_rice_leaf (77).jpg,train
SEH071,Healthy_rice_leaf (78).jpg,sehat,0,sehat\Healthy_rice_leaf (78).jpg,C:\ML\bigdata\Penyakit_Daun_Padi_Indonesia\sehat\Healthy_rice_leaf (78).jpg,train
SEH074,Healthy_rice_leaf (80).jpg,sehat,0,sehat\Healthy_rice_leaf (80).jpg,C:\ML\bigdata\Penyakit_Daun_Padi_Indonesia\sehat\Healthy_rice_leaf (80).jpg,train
SEH075,Healthy_rice_leaf (84).jpg,sehat,0,sehat\Healthy_rice_leaf (84).jpg,C:\ML\bigdata\Penyakit_Daun_Padi_Indonesia\sehat\Healthy_rice_leaf (84).jpg,train
SEH076,Healthy_rice_leaf (85).jpg,sehat,0,sehat\Healthy_rice_leaf (85).jpg,C:\ML\bigdata\Penyakit_Daun_Padi_Indonesia\sehat\Healthy_rice_leaf (85).jpg,train
SEH078,Healthy_rice_leaf (87).jpg,sehat,0,sehat\Healthy_rice_leaf (87).jpg,C:\ML\bigdata\Penyakit_Daun_Padi_Indonesia\sehat\Healthy_rice_leaf (87).jpg,train
SEH079,Healthy_rice_leaf (88).jpg,sehat,0,sehat\Healthy_rice_leaf (88).jpg,C:\ML\bigdata\Penyakit_Daun_Padi_Indonesia\sehat\Healthy_rice_leaf (88).jpg,train
BLA001,IMG_0448.jpg,blast,1,blast\IMG_0448.jpg,C:\ML\bigdata\Penyakit_Daun_Padi_Indonesia\blast\IMG_0448.jpg,train
BLA002,IMG_0535.jpg,blast,1,blast\IMG_0535.jpg,C:\ML\bigdata\Penyakit_Daun_Padi_Indonesia\blast\IMG_0535.jpg,train
BLA003,IMG_0536.jpg,blast,1,blast\IMG_0536.jpg,C:\ML\bigdata\Penyakit_Daun_Padi_Indonesia\blast\IMG_0536.jpg,train
BLA005,IMG_0543.jpg,blast,1,blast\IMG_0543.jpg,C:\ML\bigdata\Penyakit_Daun_Padi_Indonesia\blast\IMG_0543.jpg,train
BLA006,IMG_0544.jpg,blast,1,blast\IMG_0544.jpg,C:\ML\bigdata\Penyakit_Daun_Padi_Indonesia\blast\IMG_0544.jpg,train
BLA008,IMG_0546.jpg,blast,1,blast\IMG_0546.jpg,C:\ML\bigdata\Penyakit_Daun_Padi_Indonesia\blast\IMG_0546.jpg,train
BLA009,IMG_0547.jpg,blast,1,blast\IMG_0547.jpg,C:\ML\bigdata\Penyakit_Daun_Padi_Indonesia\blast\IMG_0547.jpg,train
BLA010,IMG_0548.jpg,blast,1,blast\IMG_0548.jpg,C:\ML\bigdata\Penyakit_Daun_Padi_Indonesia\blast\IMG_0548.jpg,train
BLA011,IMG_0549.jpg,blast,1,blast\IMG_0549.jpg,C:\ML\bigdata\Penyakit_Daun_Padi_Indonesia\blast\IMG_0549.jpg,train
BLA012,IMG_0550.jpg,blast,1,blast\IMG_0550.jpg,C:\ML\bigdata\Penyakit_Daun_Padi_Indonesia\blast\IMG_0550.jpg,train
BLA013,IMG_0551.jpg,blast,1,blast\IMG_0551.jpg,C:\ML\bigdata\Penyakit_Daun_Padi_Indonesia\blast\IMG_0551.jpg,train
BLA014,IMG_0553.jpg,blast,1,blast\IMG_0553.jpg,C:\ML\bigdata\Penyakit_Daun_Padi_Indonesia\blast\IMG_0553.jpg,train
BLA015,IMG_0557.jpg,blast,1,blast\IMG_0557.jpg,C:\ML\bigdata\Penyakit_Daun_Padi_Indonesia\blast\IMG_0557.jpg,train
BLA016,IMG_0558.jpg,blast,1,blast\IMG_0558.jpg,C:\ML\bigdata\Penyakit_Daun_Padi_Indonesia\blast\IMG_0558.jpg,train
BLA018,IMG_0560.jpg,blast,1,blast\IMG_0560.jpg,C:\ML\bigdata\Penyakit_Daun_Padi_Indonesia\blast\IMG_0560.jpg,train
BLA021,IMG_0566.jpg,blast,1,blast\IMG_0566.jpg,C:\ML\bigdata\Penyakit_Daun_Padi_Indonesia\blast\IMG_0566.jpg,train
BLA022,IMG_0567.jpg,blast,1,blast\IMG_0567.jpg,C:\ML\bigdata\Penyakit_Daun_Padi_Indonesia\blast\IMG_0567.jpg,train
BLA023,IMG_0569.jpg,blast,1,blast\IMG_0569.jpg,C:\ML\bigdata\Penyakit_Daun_Padi_Indonesia\blast\IMG_0569.jpg,train
BLA024,IMG_0570.jpg,blast,1,blast\IMG_0570.jpg,C:\ML\bigdata\Penyakit_Daun_Padi_Indonesia\blast\IMG_0570.jpg,train
BLA025,IMG_0571.jpg,blast,1,blast\IMG_0571.jpg,C:\ML\bigdata\Penyakit_Daun_Padi_Indonesia\blast\IMG_0571.jpg,train
BLA026,IMG_0572.jpg,blast,1,blast\IMG_0572.jpg,C:\ML\bigdata\Penyakit_Daun_Padi_Indonesia\blast\IMG_0572.jpg,train
BLA027,IMG_0575.jpg,blast,1,blast\IMG_0575.jpg,C:\ML\bigdata\Penyakit_Daun_Padi_Indonesia\blast\IMG_0575.jpg,train
BLA028,IMG_0576.jpg,blast,1,blast\IMG_0576.jpg,C:\ML\bigdata\Penyakit_Daun_Padi_Indonesia\blast\IMG_0576.jpg,train
BLA029,IMG_0594.jpg,blast,1,blast\IMG_0594.jpg,C:\ML\bigdata\Penyakit_Daun_Padi_Indonesia\blast\IMG_0594.jpg,train
BLA032,IMG_0603.jpg,blast,1,blast\IMG_0603.jpg,C:\ML\bigdata\Penyakit_Daun_Padi_Indonesia\blast\IMG_0603.jpg,train
BLA033,IMG_0604.jpg,blast,1,blast\IMG_0604.jpg,C:\ML\bigdata\Penyakit_Daun_Padi_Indonesia\blast\IMG_0604.jpg,train
BLA034,IMG_0605.jpg,blast,1,blast\IMG_0605.jpg,C:\ML\bigdata\Penyakit_Daun_Padi_Indonesia\blast\IMG_0605.jpg,train
BLA037,IMG_0612.jpg,blast,1,blast\IMG_0612.jpg,C:\ML\bigdata\Penyakit_Daun_Padi_Indonesia\blast\IMG_0612.jpg,train
BLA038,IMG_0613.jpg,blast,1,blast\IMG_0613.jpg,C:\ML\bigdata\Penyakit_Daun_Padi_Indonesia\blast\IMG_0613.jpg,train
BLA039,IMG_0622.jpg,blast,1,blast\IMG_0622.jpg,C:\ML\bigdata\Penyakit_Daun_Padi_Indonesia\blast\IMG_0622.jpg,train
BLA040,IMG_0628.jpg,blast,1,blast\IMG_0628.jpg,C:\ML\bigdata\Penyakit_Daun_Padi_Indonesia\blast\IMG_0628.jpg,train
BLA041,IMG_0630.jpg,blast,1,blast\IMG_0630.jpg,C:\ML\bigdata\Penyakit_Daun_Padi_Indonesia\blast\IMG_0630.jpg,train
BLA042,IMG_0632.jpg,blast,1,blast\IMG_0632.jpg,C:\ML\bigdata\Penyakit_Daun_Padi_Indonesia\blast\IMG_0632.jpg,train
BLA043,IMG_0633.jpg,blast,1,blast\IMG_0633.jpg,C:\ML\bigdata\Penyakit_Daun_Padi_Indonesia\blast\IMG_0633.jpg,train
BLA044,IMG_0635.jpg,blast,1,blast\IMG_0635.jpg,C:\ML\bigdata\Penyakit_Daun_Padi_Indonesia\blast\IMG_0635.jpg,train
BLA045,IMG_0636.jpg,blast,1,blast\IMG_0636.jpg,C:\ML\bigdata\Penyakit_Daun_Padi_Indonesia\blast\IMG_0636.jpg,train
BLA046,IMG_0640.jpg,blast,1,blast\IMG_0640.jpg,C:\ML\bigdata\Penyakit_Daun_Padi_Indonesia\blast\IMG_0640.jpg,train
BLA047,IMG_0641.jpg,blast,1,blast\IMG_0641.jpg,C:\ML\bigdata\Penyakit_Daun_Padi_Indonesia\blast\IMG_0641.jpg,train
BLA051,IMG_0650.jpg,blast,1,blast\IMG_0650.jpg,C:\ML\bigdata\Penyakit_Daun_Padi_Indonesia\blast\IMG_0650.jpg,train
BLA052,IMG_0651.jpg,blast,1,blast\IMG_0651.jpg,C:\ML\bigdata\Penyakit_Daun_Padi_Indonesia\blast\IMG_0651.jpg,train
BLA055,IMG_0656.jpg,blast,1,blast\IMG_0656.jpg,C:\ML\bigdata\Penyakit_Daun_Padi_Indonesia\blast\IMG_0656.jpg,train
BLA056,IMG_0674.jpg,blast,1,blast\IMG_0674.jpg,C:\ML\bigdata\Penyakit_Daun_Padi_Indonesia\blast\IMG_0674.jpg,train
BLA057,IMG_0675.jpg,blast,1,blast\IMG_0675.jpg,C:\ML\bigdata\Penyakit_Daun_Padi_Indonesia\blast\IMG_0675.jpg,train
BLA058,IMG_0678.jpg,blast,1,blast\IMG_0678.jpg,C:\ML\bigdata\Penyakit_Daun_Padi_Indonesia\blast\IMG_0678.jpg,train
BLA059,IMG_0680.jpg,blast,1,blast\IMG_0680.jpg,C:\ML\bigdata\Penyakit_Daun_Padi_Indonesia\blast\IMG_0680.jpg,train
BLA060,IMG_0681.jpg,blast,1,blast\IMG_0681.jpg,C:\ML\bigdata\Penyakit_Daun_Padi_Indonesia\blast\IMG_0681.jpg,train
BLA061,IMG_0682.jpg,blast,1,blast\IMG_0682.jpg,C:\ML\bigdata\Penyakit_Daun_Padi_Indonesia\blast\IMG_0682.jpg,train
BLA062,IMG_0684.jpg,blast,1,blast\IMG_0684.jpg,C:\ML\bigdata\Penyakit_Daun_Padi_Indonesia\blast\IMG_0684.jpg,train
BLA063,IMG_0687.jpg,blast,1,blast\IMG_0687.jpg,C:\ML\bigdata\Penyakit_Daun_Padi_Indonesia\blast\IMG_0687.jpg,train
BLA065,IMG_0692.jpg,blast,1,blast\IMG_0692.jpg,C:\ML\bigdata\Penyakit_Daun_Padi_Indonesia\blast\IMG_0692.jpg,train
BLA066,IMG_0694.jpg,blast,1,blast\IMG_0694.jpg,C:\ML\bigdata\Penyakit_Daun_Padi_Indonesia\blast\IMG_0694.jpg,train
BLA067,IMG_0695.jpg,blast,1,blast\IMG_0695.jpg,C:\ML\bigdata\Penyakit_Daun_Padi_Indonesia\blast\IMG_0695.jpg,train
BLA068,IMG_0698.jpg,blast,1,blast\IMG_0698.jpg,C:\ML\bigdata\Penyakit_Daun_Padi_Indonesia\blast\IMG_0698.jpg,train
BLA069,IMG_0701.jpg,blast,1,blast\IMG_0701.jpg,C:\ML\bigdata\Penyakit_Daun_Padi_Indonesia\blast\IMG_0701.jpg,train
BLA070,IMG_0704.jpg,blast,1,blast\IMG_0704.jpg,C:\ML\bigdata\Penyakit_Daun_Padi_Indonesia\blast\IMG_0704.jpg,train
BLA072,IMG_0707.jpg,blast,1,blast\IMG_0707.jpg,C:\ML\bigdata\Penyakit_Daun_Padi_Indonesia\blast\IMG_0707.jpg,train
BLA073,IMG_0708.jpg,blast,1,blast\IMG_0708.jpg,C:\ML\bigdata\Penyakit_Daun_Padi_Indonesia\blast\IMG_0708.jpg,train
BLA074,IMG_0711.jpg,blast,1,blast\IMG_0711.jpg,C:\ML\bigdata\Penyakit_Daun_Padi_Indonesia\blast\IMG_0711.jpg,train
BLA075,IMG_0713.jpg,blast,1,blast\IMG_0713.jpg,C:\ML\bigdata\Penyakit_Daun_Padi_Indonesia\blast\IMG_0713.jpg,train
BLA076,IMG_0716.jpg,blast,1,blast\IMG_0716.jpg,C:\ML\bigdata\Penyakit_Daun_Padi_Indonesia\blast\IMG_0716.jpg,train
BLA077,IMG_0717.jpg,blast,1,blast\IMG_0717.jpg,C:\ML\bigdata\Penyakit_Daun_Padi_Indonesia\blast\IMG_0717.jpg,train
BLA078,IMG_0718.jpg,blast,1,blast\IMG_0718.jpg,C:\ML\bigdata\Penyakit_Daun_Padi_Indonesia\blast\IMG_0718.jpg,train
BLA079,IMG_0720.jpg,blast,1,blast\IMG_0720.jpg,C:\ML\bigdata\Penyakit_Daun_Padi_Indonesia\blast\IMG_0720.jpg,train
BLA080,IMG_0722.jpg,blast,1,blast\IMG_0722.jpg,C:\ML\bigdata\Penyakit_Daun_Padi_Indonesia\blast\IMG_0722.jpg,train
BLI001,IMG_0834.jpg,blight,2,blight\IMG_0834.jpg,C:\ML\bigdata\Penyakit_Daun_Padi_Indonesia\blight\IMG_0834.jpg,train
BLI002,IMG_0936.jpg,blight,2,blight\IMG_0936.jpg,C:\ML\bigdata\Penyakit_Daun_Padi_Indonesia\blight\IMG_0936.jpg,train
BLI003,IMG_0937.jpg,blight,2,blight\IMG_0937.jpg,C:\ML\bigdata\Penyakit_Daun_Padi_Indonesia\blight\IMG_0937.jpg,train
BLI006,IMG_0941.jpg,blight,2,blight\IMG_0941.jpg,C:\ML\bigdata\Penyakit_Daun_Padi_Indonesia\blight\IMG_0941.jpg,train
BLI007,IMG_0943.jpg,blight,2,blight\IMG_0943.jpg,C:\ML\bigdata\Penyakit_Daun_Padi_Indonesia\blight\IMG_0943.jpg,train
BLI008,IMG_0944.jpg,blight,2,blight\IMG_0944.jpg,C:\ML\bigdata\Penyakit_Daun_Padi_Indonesia\blight\IMG_0944.jpg,train
BLI009,IMG_0946.jpg,blight,2,blight\IMG_0946.jpg,C:\ML\bigdata\Penyakit_Daun_Padi_Indonesia\blight\IMG_0946.jpg,train
BLI010,IMG_0947.jpg,blight,2,blight\IMG_0947.jpg,C:\ML\bigdata\Penyakit_Daun_Padi_Indonesia\blight\IMG_0947.jpg,train
BLI012,IMG_0949.jpg,blight,2,blight\IMG_0949.jpg,C:\ML\bigdata\Penyakit_Daun_Padi_Indonesia\blight\IMG_0949.jpg,train
BLI013,IMG_0950.jpg,blight,2,blight\IMG_0950.jpg,C:\ML\bigdata\Penyakit_Daun_Padi_Indonesia\blight\IMG_0950.jpg,train
BLI014,IMG_0952.jpg,blight,2,blight\IMG_0952.jpg,C:\ML\bigdata\Penyakit_Daun_Padi_Indonesia\blight\IMG_0952.jpg,train
BLI016,IMG_0959.jpg,blight,2,blight\IMG_0959.jpg,C:\ML\bigdata\Penyakit_Daun_Padi_Indonesia\blight\IMG_0959.jpg,train
BLI017,IMG_0962.jpg,blight,2,blight\IMG_0962.jpg,C:\ML\bigdata\Penyakit_Daun_Padi_Indonesia\blight\IMG_0962.jpg,train
BLI018,IMG_0964.jpg,blight,2,blight\IMG_0964.jpg,C:\ML\bigdata\Penyakit_Daun_Padi_Indonesia\blight\IMG_0964.jpg,train
BLI019,IMG_0965.jpg,blight,2,blight\IMG_0965.jpg,C:\ML\bigdata\Penyakit_Daun_Padi_Indonesia\blight\IMG_0965.jpg,train
BLI020,IMG_0966.jpg,blight,2,blight\IMG_0966.jpg,C:\ML\bigdata\Penyakit_Daun_Padi_Indonesia\blight\IMG_0966.jpg,train
BLI021,IMG_0971.jpg,blight,2,blight\IMG_0971.jpg,C:\ML\bigdata\Penyakit_Daun_Padi_Indonesia\blight\IMG_0971.jpg,train
BLI022,IMG_0972.jpg,blight,2,blight\IMG_0972.jpg,C:\ML\bigdata\Penyakit_Daun_Padi_Indonesia\blight\IMG_0972.jpg,train
BLI024,IMG_0976.jpg,blight,2,blight\IMG_0976.jpg,C:\ML\bigdata\Penyakit_Daun_Padi_Indonesia\blight\IMG_0976.jpg,train
BLI025,IMG_0979.jpg,blight,2,blight\IMG_0979.jpg,C:\ML\bigdata\Penyakit_Daun_Padi_Indonesia\blight\IMG_0979.jpg,train
BLI026,IMG_0982.jpg,blight,2,blight\IMG_0982.jpg,C:\ML\bigdata\Penyakit_Daun_Padi_Indonesia\blight\IMG_0982.jpg,train
BLI028,IMG_0984.jpg,blight,2,blight\IMG_0984.jpg,C:\ML\bigdata\Penyakit_Daun_Padi_Indonesia\blight\IMG_0984.jpg,train
BLI029,IMG_0985.jpg,blight,2,blight\IMG_0985.jpg,C:\ML\bigdata\Penyakit_Daun_Padi_Indonesia\blight\IMG_0985.jpg,train
BLI030,IMG_0986.jpg,blight,2,blight\IMG_0986.jpg,C:\ML\bigdata\Penyakit_Daun_Padi_Indonesia\blight\IMG_0986.jpg,train
BLI031,IMG_0987.jpg,blight,2,blight\IMG_0987.jpg,C:\ML\bigdata\Penyakit_Daun_Padi_Indonesia\blight\IMG_0987.jpg,train
BLI032,IMG_0990.jpg,blight,2,blight\IMG_0990.jpg,C:\ML\bigdata\Penyakit_Daun_Padi_Indonesia\blight\IMG_0990.jpg,train
BLI033,IMG_0991.jpg,blight,2,blight\IMG_0991.jpg,C:\ML\bigdata\Penyakit_Daun_Padi_Indonesia\blight\IMG_0991.jpg,train
BLI035,IMG_0993.jpg,blight,2,blight\IMG_0993.jpg,C:\ML\bigdata\Penyakit_Daun_Padi_Indonesia\blight\IMG_0993.jpg,train
BLI037,IMG_0999.jpg,blight,2,blight\IMG_0999.jpg,C:\ML\bigdata\Penyakit_Daun_Padi_Indonesia\blight\IMG_0999.jpg,train
BLI038,IMG_1001.jpg,blight,2,blight\IMG_1001.jpg,C:\ML\bigdata\Penyakit_Daun_Padi_Indonesia\blight\IMG_1001.jpg,train
BLI044,IMG_1010.jpg,blight,2,blight\IMG_1010.jpg,C:\ML\bigdata\Penyakit_Daun_Padi_Indonesia\blight\IMG_1010.jpg,train
BLI045,IMG_1011.jpg,blight,2,blight\IMG_1011.jpg,C:\ML\bigdata\Penyakit_Daun_Padi_Indonesia\blight\IMG_1011.jpg,train
BLI046,IMG_1012.jpg,blight,2,blight\IMG_1012.jpg,C:\ML\bigdata\Penyakit_Daun_Padi_Indonesia\blight\IMG_1012.jpg,train
BLI047,IMG_1013.jpg,blight,2,blight\IMG_1013.jpg,C:\ML\bigdata\Penyakit_Daun_Padi_Indonesia\blight\IMG_1013.jpg,train
BLI048,IMG_1014.jpg,blight,2,blight\IMG_1014.jpg,C:\ML\bigdata\Penyakit_Daun_Padi_Indonesia\blight\IMG_1014.jpg,train
BLI049,IMG_1015.jpg,blight,2,blight\IMG_1015.jpg,C:\ML\bigdata\Penyakit_Daun_Padi_Indonesia\blight\IMG_1015.jpg,train
BLI051,IMG_1020.jpg,blight,2,blight\IMG_1020.jpg,C:\ML\bigdata\Penyakit_Daun_Padi_Indonesia\blight\IMG_1020.jpg,train
BLI052,IMG_1021.jpg,blight,2,blight\IMG_1021.jpg,C:\ML\bigdata\Penyakit_Daun_Padi_Indonesia\blight\IMG_1021.jpg,train
BLI053,IMG_1022.jpg,blight,2,blight\IMG_1022.jpg,C:\ML\bigdata\Penyakit_Daun_Padi_Indonesia\blight\IMG_1022.jpg,train
BLI054,IMG_1023.jpg,blight,2,blight\IMG_1023.jpg,C:\ML\bigdata\Penyakit_Daun_Padi_Indonesia\blight\IMG_1023.jpg,train
BLI057,IMG_1027.jpg,blight,2,blight\IMG_1027.jpg,C:\ML\bigdata\Penyakit_Daun_Padi_Indonesia\blight\IMG_1027.jpg,train
BLI058,IMG_1029.jpg,blight,2,blight\IMG_1029.jpg,C:\ML\bigdata\Penyakit_Daun_Padi_Indonesia\blight\IMG_1029.jpg,train
BLI059,IMG_1030.jpg,blight,2,blight\IMG_1030.jpg,C:\ML\bigdata\Penyakit_Daun_Padi_Indonesia\blight\IMG_1030.jpg,train
BLI060,IMG_1031.jpg,blight,2,blight\IMG_1031.jpg,C:\ML\bigdata\Penyakit_Daun_Padi_Indonesia\blight\IMG_1031.jpg,train
BLI062,IMG_1034.jpg,blight,2,blight\IMG_1034.jpg,C:\ML\bigdata\Penyakit_Daun_Padi_Indonesia\blight\IMG_1034.jpg,train
BLI063,IMG_1035.jpg,blight,2,blight\IMG_1035.jpg,C:\ML\bigdata\Penyakit_Daun_Padi_Indonesia\blight\IMG_1035.jpg,train
BLI064,IMG_1036.jpg,blight,2,blight\IMG_1036.jpg,C:\ML\bigdata\Penyakit_Daun_Padi_Indonesia\blight\IMG_1036.jpg,train
BLI065,IMG_1042.jpg,blight,2,blight\IMG_1042.jpg,C:\ML\bigdata\Penyakit_Daun_Padi_Indonesia\blight\IMG_1042.jpg,train
BLI066,IMG_1043.jpg,blight,2,blight\IMG_1043.jpg,C:\ML\bigdata\Penyakit_Daun_Padi_Indonesia\blight\IMG_1043.jpg,train
BLI067,IMG_1047.jpg,blight,2,blight\IMG_1047.jpg,C:\ML\bigdata\Penyakit_Daun_Padi_Indonesia\blight\IMG_1047.jpg,train
BLI069,IMG_1056.jpg,blight,2,blight\IMG_1056.jpg,C:\ML\bigdata\Penyakit_Daun_Padi_Indonesia\blight\IMG_1056.jpg,train
BLI071,IMG_1059.jpg,blight,2,blight\IMG_1059.jpg,C:\ML\bigdata\Penyakit_Daun_Padi_Indonesia\blight\IMG_1059.jpg,train
BLI072,IMG_1063.jpg,blight,2,blight\IMG_1063.jpg,C:\ML\bigdata\Penyakit_Daun_Padi_Indonesia\blight\IMG_1063.jpg,train
BLI073,IMG_1064.jpg,blight,2,blight\IMG_1064.jpg,C:\ML\bigdata\Penyakit_Daun_Padi_Indonesia\blight\IMG_1064.jpg,train
BLI074,IMG_1065.jpg,blight,2,blight\IMG_1065.jpg,C:\ML\bigdata\Penyakit_Daun_Padi_Indonesia\blight\IMG_1065.jpg,train
BLI075,IMG_1066.jpg,blight,2,blight\IMG_1066.jpg,C:\ML\bigdata\Penyakit_Daun_Padi_Indonesia\blight\IMG_1066.jpg,train
BLI076,IMG_1068.jpg,blight,2,blight\IMG_1068.jpg,C:\ML\bigdata\Penyakit_Daun_Padi_Indonesia\blight\IMG_1068.jpg,train
BLI078,IMG_1071.jpg,blight,2,blight\IMG_1071.jpg,C:\ML\bigdata\Penyakit_Daun_Padi_Indonesia\blight\IMG_1071.jpg,train
BLI079,IMG_1072.jpg,blight,2,blight\IMG_1072.jpg,C:\ML\bigdata\Penyakit_Daun_Padi_Indonesia\blight\IMG_1072.jpg,train
BLI080,IMG_1075.jpg,blight,2,blight\IMG_1075.jpg,C:\ML\bigdata\Penyakit_Daun_Padi_Indonesia\blight\IMG_1075.jpg,train
TUN001,IMG_0399.jpg,tungro,3,tungro\IMG_0399.jpg,C:\ML\bigdata\Penyakit_Daun_Padi_Indonesia\tungro\IMG_0399.jpg,train
TUN002,IMG_0400.jpg,tungro,3,tungro\IMG_0400.jpg,C:\ML\bigdata\Penyakit_Daun_Padi_Indonesia\tungro\IMG_0400.jpg,train
TUN003,IMG_0414.jpg,tungro,3,tungro\IMG_0414.jpg,C:\ML\bigdata\Penyakit_Daun_Padi_Indonesia\tungro\IMG_0414.jpg,train
TUN005,IMG_0581.jpg,tungro,3,tungro\IMG_0581.jpg,C:\ML\bigdata\Penyakit_Daun_Padi_Indonesia\tungro\IMG_0581.jpg,train
TUN006,IMG_0582.jpg,tungro,3,tungro\IMG_0582.jpg,C:\ML\bigdata\Penyakit_Daun_Padi_Indonesia\tungro\IMG_0582.jpg,train
TUN007,IMG_0583.jpg,tungro,3,tungro\IMG_0583.jpg,C:\ML\bigdata\Penyakit_Daun_Padi_Indonesia\tungro\IMG_0583.jpg,train
TUN008,IMG_0584.jpg,tungro,3,tungro\IMG_0584.jpg,C:\ML\bigdata\Penyakit_Daun_Padi_Indonesia\tungro\IMG_0584.jpg,train
TUN009,IMG_0614.jpg,tungro,3,tungro\IMG_0614.jpg,C:\ML\bigdata\Penyakit_Daun_Padi_Indonesia\tungro\IMG_0614.jpg,train
TUN010,IMG_0615.jpg,tungro,3,tungro\IMG_0615.jpg,C:\ML\bigdata\Penyakit_Daun_Padi_Indonesia\tungro\IMG_0615.jpg,train
TUN011,IMG_0688.jpg,tungro,3,tungro\IMG_0688.jpg,C:\ML\bigdata\Penyakit_Daun_Padi_Indonesia\tungro\IMG_0688.jpg,train
TUN012,IMG_0689.jpg,tungro,3,tungro\IMG_0689.jpg,C:\ML\bigdata\Penyakit_Daun_Padi_Indonesia\tungro\IMG_0689.jpg,train
TUN013,IMG_0706.jpg,tungro,3,tungro\IMG_0706.jpg,C:\ML\bigdata\Penyakit_Daun_Padi_Indonesia\tungro\IMG_0706.jpg,train
TUN014,IMG_0714.jpg,tungro,3,tungro\IMG_0714.jpg,C:\ML\bigdata\Penyakit_Daun_Padi_Indonesia\tungro\IMG_0714.jpg,train
TUN017,IMG_0824.jpg,tungro,3,tungro\IMG_0824.jpg,C:\ML\bigdata\Penyakit_Daun_Padi_Indonesia\tungro\IMG_0824.jpg,train
TUN018,IMG_0825.jpg,tungro,3,tungro\IMG_0825.jpg,C:\ML\bigdata\Penyakit_Daun_Padi_Indonesia\tungro\IMG_0825.jpg,train
TUN019,IMG_0826.jpg,tungro,3,tungro\IMG_0826.jpg,C:\ML\bigdata\Penyakit_Daun_Padi_Indonesia\tungro\IMG_0826.jpg,train
TUN023,IMG_0836.jpg,tungro,3,tungro\IMG_0836.jpg,C:\ML\bigdata\Penyakit_Daun_Padi_Indonesia\tungro\IMG_0836.jpg,train
TUN024,IMG_0844.jpg,tungro,3,tungro\IMG_0844.jpg,C:\ML\bigdata\Penyakit_Daun_Padi_Indonesia\tungro\IMG_0844.jpg,train
TUN026,IMG_0846.jpg,tungro,3,tungro\IMG_0846.jpg,C:\ML\bigdata\Penyakit_Daun_Padi_Indonesia\tungro\IMG_0846.jpg,train
TUN027,IMG_0847.jpg,tungro,3,tungro\IMG_0847.jpg,C:\ML\bigdata\Penyakit_Daun_Padi_Indonesia\tungro\IMG_0847.jpg,train
TUN029,IMG_0849.jpg,tungro,3,tungro\IMG_0849.jpg,C:\ML\bigdata\Penyakit_Daun_Padi_Indonesia\tungro\IMG_0849.jpg,train
TUN030,IMG_0850.jpg,tungro,3,tungro\IMG_0850.jpg,C:\ML\bigdata\Penyakit_Daun_Padi_Indonesia\tungro\IMG_0850.jpg,train
TUN032,IMG_0852.jpg,tungro,3,tungro\IMG_0852.jpg,C:\ML\bigdata\Penyakit_Daun_Padi_Indonesia\tungro\IMG_0852.jpg,train
TUN033,IMG_0853.jpg,tungro,3,tungro\IMG_0853.jpg,C:\ML\bigdata\Penyakit_Daun_Padi_Indonesia\tungro\IMG_0853.jpg,train
TUN035,IMG_0855.jpg,tungro,3,tungro\IMG_0855.jpg,C:\ML\bigdata\Penyakit_Daun_Padi_Indonesia\tungro\IMG_0855.jpg,train
TUN036,IMG_0857.jpg,tungro,3,tungro\IMG_0857.jpg,C:\ML\bigdata\Penyakit_Daun_Padi_Indonesia\tungro\IMG_0857.jpg,train
TUN037,IMG_0858.jpg,tungro,3,tungro\IMG_0858.jpg,C:\ML\bigdata\Penyakit_Daun_Padi_Indonesia\tungro\IMG_0858.jpg,train
TUN038,IMG_0859.jpg,tungro,3,tungro\IMG_0859.jpg,C:\ML\bigdata\Penyakit_Daun_Padi_Indonesia\tungro\IMG_0859.jpg,train
TUN039,IMG_0860.jpg,tungro,3,tungro\IMG_0860.jpg,C:\ML\bigdata\Penyakit_Daun_Padi_Indonesia\tungro\IMG_0860.jpg,train
TUN040,IMG_0861.jpg,tungro,3,tungro\IMG_0861.jpg,C:\ML\bigdata\Penyakit_Daun_Padi_Indonesia\tungro\IMG_0861.jpg,train
TUN041,IMG_0864.jpg,tungro,3,tungro\IMG_0864.jpg,C:\ML\bigdata\Penyakit_Daun_Padi_Indonesia\tungro\IMG_0864.jpg,train
TUN042,IMG_0865.jpg,tungro,3,tungro\IMG_0865.jpg,C:\ML\bigdata\Penyakit_Daun_Padi_Indonesia\tungro\IMG_0865.jpg,train
TUN043,IMG_0866.jpg,tungro,3,tungro\IMG_0866.jpg,C:\ML\bigdata\Penyakit_Daun_Padi_Indonesia\tungro\IMG_0866.jpg,train
TUN044,IMG_0867.jpg,tungro,3,tungro\IMG_0867.jpg,C:\ML\bigdata\Penyakit_Daun_Padi_Indonesia\tungro\IMG_0867.jpg,train
TUN045,IMG_0868.jpg,tungro,3,tungro\IMG_0868.jpg,C:\ML\bigdata\Penyakit_Daun_Padi_Indonesia\tungro\IMG_0868.jpg,train
TUN048,IMG_0876.jpg,tungro,3,tungro\IMG_0876.jpg,C:\ML\bigdata\Penyakit_Daun_Padi_Indonesia\tungro\IMG_0876.jpg,train
TUN049,IMG_0878.jpg,tungro,3,tungro\IMG_0878.jpg,C:\ML\bigdata\Penyakit_Daun_Padi_Indonesia\tungro\IMG_0878.jpg,train
TUN050,IMG_0879.jpg,tungro,3,tungro\IMG_0879.jpg,C:\ML\bigdata\Penyakit_Daun_Padi_Indonesia\tungro\IMG_0879.jpg,train
TUN051,IMG_0880.jpg,tungro,3,tungro\IMG_0880.jpg,C:\ML\bigdata\Penyakit_Daun_Padi_Indonesia\tungro\IMG_0880.jpg,train
TUN052,IMG_0881.jpg,tungro,3,tungro\IMG_0881.jpg,C:\ML\bigdata\Penyakit_Daun_Padi_Indonesia\tungro\IMG_0881.jpg,train
TUN053,IMG_0882.jpg,tungro,3,tungro\IMG_0882.jpg,C:\ML\bigdata\Penyakit_Daun_Padi_Indonesia\tungro\IMG_0882.jpg,train
TUN054,IMG_0883.jpg,tungro,3,tungro\IMG_0883.jpg,C:\ML\bigdata\Penyakit_Daun_Padi_Indonesia\tungro\IMG_0883.jpg,train
TUN055,IMG_0885.jpg,tungro,3,tungro\IMG_0885.jpg,C:\ML\bigdata\Penyakit_Daun_Padi_Indonesia\tungro\IMG_0885.jpg,train
TUN056,IMG_0886.jpg,tungro,3,tungro\IMG_0886.jpg,C:\ML\bigdata\Penyakit_Daun_Padi_Indonesia\tungro\IMG_0886.jpg,train
TUN057,IMG_0887.jpg,tungro,3,tungro\IMG_0887.jpg,C:\ML\bigdata\Penyakit_Daun_Padi_Indonesia\tungro\IMG_0887.jpg,train
TUN058,IMG_0888.jpg,tungro,3,tungro\IMG_0888.jpg,C:\ML\bigdata\Penyakit_Daun_Padi_Indonesia\tungro\IMG_0888.jpg,train
TUN059,IMG_0889.jpg,tungro,3,tungro\IMG_0889.jpg,C:\ML\bigdata\Penyakit_Daun_Padi_Indonesia\tungro\IMG_0889.jpg,train
TUN062,IMG_0895.jpg,tungro,3,tungro\IMG_0895.jpg,C:\ML\bigdata\Penyakit_Daun_Padi_Indonesia\tungro\IMG_0895.jpg,train
TUN064,IMG_0897.jpg,tungro,3,tungro\IMG_0897.jpg,C:\ML\bigdata\Penyakit_Daun_Padi_Indonesia\tungro\IMG_0897.jpg,train
TUN065,IMG_0898.jpg,tungro,3,tungro\IMG_0898.jpg,C:\ML\bigdata\Penyakit_Daun_Padi_Indonesia\tungro\IMG_0898.jpg,train
TUN066,IMG_0899.jpg,tungro,3,tungro\IMG_0899.jpg,C:\ML\bigdata\Penyakit_Daun_Padi_Indonesia\tungro\IMG_0899.jpg,train
TUN067,IMG_0900.jpg,tungro,3,tungro\IMG_0900.jpg,C:\ML\bigdata\Penyakit_Daun_Padi_Indonesia\tungro\IMG_0900.jpg,train
TUN069,IMG_0902.jpg,tungro,3,tungro\IMG_0902.jpg,C:\ML\bigdata\Penyakit_Daun_Padi_Indonesia\tungro\IMG_0902.jpg,train
TUN072,IMG_0906.jpg,tungro,3,tungro\IMG_0906.jpg,C:\ML\bigdata\Penyakit_Daun_Padi_Indonesia\tungro\IMG_0906.jpg,train
TUN073,IMG_0907.jpg,tungro,3,tungro\IMG_0907.jpg,C:\ML\bigdata\Penyakit_Daun_Padi_Indonesia\tungro\IMG_0907.jpg,train
TUN074,IMG_0911.jpg,tungro,3,tungro\IMG_0911.jpg,C:\ML\bigdata\Penyakit_Daun_Padi_Indonesia\tungro\IMG_0911.jpg,train
TUN075,IMG_0912.jpg,tungro,3,tungro\IMG_0912.jpg,C:\ML\bigdata\Penyakit_Daun_Padi_Indonesia\tungro\IMG_0912.jpg,train
TUN077,IMG_0916.jpg,tungro,3,tungro\IMG_0916.jpg,C:\ML\bigdata\Penyakit_Daun_Padi_Indonesia\tungro\IMG_0916.jpg,train
TUN078,IMG_0917.jpg,tungro,3,tungro\IMG_0917.jpg,C:\ML\bigdata\Penyakit_Daun_Padi_Indonesia\tungro\IMG_0917.jpg,train
TUN079,IMG_0923.jpg,tungro,3,tungro\IMG_0923.jpg,C:\ML\bigdata\Penyakit_Daun_Padi_Indonesia\tungro\IMG_0923.jpg,train
