image_id,filename,disease_label,disease_code,relative_path,full_path,file_size_kb,img_format,image_hash,split,resize_width,resize_height,binarisasi_applied,binarisasi_method,prescale_applied,prescale_range,size_norm,kecamatan,avg_temp,avg_humidity,total_precip,avg_drought,avg_uv,avg_wind,obs_count,musim,sumber_api,n_laporan,avg_kerugian_pct,avg_luas_ha,avg_serangan_pct
SEH001,20231006_163740.jpg,sehat,0,sehat\20231006_163740.jpg,C:\ML\bigdata\Penyakit_Daun_Padi_Indonesia\sehat\20231006_163740.jpg,477.0,.jpg,3f1e58038797ccc0,train,224,224,True,Otsu,True,"[0.0, 1.0]",0.0677,Indramayu,28.618,79.361,6.4,0.375,2.533,6.551,72,Gadu,OPENMETEO_API,26,0.0,1.202,0.0
SEH002,20231006_163746.jpg,sehat,0,sehat\20231006_163746.jpg,C:\ML\bigdata\Penyakit_Daun_Padi_Indonesia\sehat\20231006_163746.jpg,474.2,.jpg,f14ad280ce177068,train,224,224,True,Otsu,True,"[0.0, 1.0]",0.0672,Indramayu,28.618,79.361,6.4,0.375,2.533,6.551,72,Gadu,OPENMETEO_API,26,0.0,1.202,0.0
SEH003,20231006_165517(0).jpg,sehat,0,sehat\20231006_165517(0).jpg,C:\ML\bigdata\Penyakit_Daun_Padi_Indonesia\sehat\20231006_165517(0).jpg,211.2,.jpg,1587ced7449e13fb,train,224,224,True,Otsu,True,"[0.0, 1.0]",0.0272,Kandanghaur,28.485,82.75,18.0,0.314,2.533,4.613,72,Gadu,OPENMETEO_API,26,0.0,1.202,0.0
SEH004,20231006_165518.jpg,sehat,0,sehat\20231006_165518.jpg,C:\ML\bigdata\Penyakit_Daun_Padi_Indonesia\sehat\20231006_165518.jpg,214.3,.jpg,9f12309b9fe61f83,train,224,224,True,Otsu,True,"[0.0, 1.0]",0.0277,Haurgeulis,28.297,82.444,11.0,0.319,2.533,5.251,72,Gadu,OPENMETEO_API,26,0.0,1.202,0.0
SEH005,Healthy_rice_leaf (10).jpg,sehat,0,sehat\Healthy_rice_leaf (10).jpg,C:\ML\bigdata\Penyakit_Daun_Padi_Indonesia\sehat\Healthy_rice_leaf (10).jpg,880.8,.jpg,ec850412e4ba7a08,train,224,224,True,Otsu,True,"[0.0, 1.0]",0.1291,Indramayu,28.618,79.361,6.4,0.375,2.533,6.551,72,Gadu,OPENMETEO_API,26,0.0,1.202,0.0
SEH006,Healthy_rice_leaf (100).jpg,sehat,0,sehat\Healthy_rice_leaf (100).jpg,C:\ML\bigdata\Penyakit_Daun_Padi_Indonesia\sehat\Healthy_rice_leaf (100).jpg,6601.0,.jpg,ab85f40af4634928,train,224,224,True,Otsu,True,"[0.0, 1.0]",1.0,Jatibarang,28.062,82.458,12.0,0.319,2.533,5.075,72,Gadu,OPENMETEO_API,26,0.0,1.202,0.0
SEH007,Healthy_rice_leaf (101).jpg,sehat,0,sehat\Healthy_rice_leaf (101).jpg,C:\ML\bigdata\Penyakit_Daun_Padi_Indonesia\sehat\Healthy_rice_leaf (101).jpg,4612.3,.jpg,5fe6ececb8849e0f,val,224,224,True,Otsu,True,"[0.0, 1.0]",0.6972,Kandanghaur,28.485,82.75,18.0,0.314,2.533,4.613,72,Gadu,OPENMETEO_API,26,0.0,1.202,0.0
SEH008,Healthy_rice_leaf (102).jpg,sehat,0,sehat\Healthy_rice_leaf (102).jpg,C:\ML\bigdata\Penyakit_Daun_Padi_Indonesia\sehat\Healthy_rice_leaf (102).jpg,5826.6,.jpg,abd0742798d195ed,train,224,224,True,Otsu,True,"[0.0, 1.0]",0.8821,Indramayu,28.618,79.361,6.4,0.375,2.533,6.551,72,Gadu,OPENMETEO_API,26,0.0,1.202,0.0
SEH009,Healthy_rice_leaf (106).jpg,sehat,0,sehat\Healthy_rice_leaf (106).jpg,C:\ML\bigdata\Penyakit_Daun_Padi_Indonesia\sehat\Healthy_rice_leaf (106).jpg,1288.4,.jpg,f574fe947fcce0b3,train,224,224,True,Otsu,True,"[0.0, 1.0]",0.1912,Jatibarang,28.062,82.458,12.0,0.319,2.533,5.075,72,Gadu,OPENMETEO_API,26,0.0,1.202,0.0
SEH010,Healthy_rice_leaf (107).jpg,sehat,0,sehat\Healthy_rice_leaf (107).jpg,C:\ML\bigdata\Penyakit_Daun_Padi_Indonesia\sehat\Healthy_rice_leaf (107).jpg,1818.1,.jpg,94998379853a8a7e,train,224,224,True,Otsu,True,"[0.0, 1.0]",0.2718,Indramayu,28.618,79.361,6.4,0.375,2.533,6.551,72,Gadu,OPENMETEO_API,26,0.0,1.202,0.0
SEH011,Healthy_rice_leaf (108).jpg,sehat,0,sehat\Healthy_rice_leaf (108).jpg,C:\ML\bigdata\Penyakit_Daun_Padi_Indonesia\sehat\Healthy_rice_leaf (108).jpg,1908.2,.jpg,831b6fcae0f58558,train,224,224,True,Otsu,True,"[0.0, 1.0]",0.2856,Haurgeulis,28.297,82.444,11.0,0.319,2.533,5.251,72,Gadu,OPENMETEO_API,26,0.0,1.202,0.0
SEH012,Healthy_rice_leaf (109).jpg,sehat,0,sehat\Healthy_rice_leaf (109).jpg,C:\ML\bigdata\Penyakit_Daun_Padi_Indonesia\sehat\Healthy_rice_leaf (109).jpg,1708.6,.jpg,a7d20aa11458fab9,train,224,224,True,Otsu,True,"[0.0, 1.0]",0.2552,Kandanghaur,28.485,82.75,18.0,0.314,2.533,4.613,72,Gadu,OPENMETEO_API,26,0.0,1.202,0.0
SEH013,Healthy_rice_leaf (11).jpg,sehat,0,sehat\Healthy_rice_leaf (11).jpg,C:\ML\bigdata\Penyakit_Daun_Padi_Indonesia\sehat\Healthy_rice_leaf (11).jpg,243.8,.jpg,88ac0f190f6ca57e,train,224,224,True,Otsu,True,"[0.0, 1.0]",0.0322,Haurgeulis,28.297,82.444,11.0,0.319,2.533,5.251,72,Gadu,OPENMETEO_API,26,0.0,1.202,0.0
SEH014,Healthy_rice_leaf (110).jpg,sehat,0,sehat\Healthy_rice_leaf (110).jpg,C:\ML\bigdata\Penyakit_Daun_Padi_Indonesia\sehat\Healthy_rice_leaf (110).jpg,1723.1,.jpg,7d74c31118b025de,train,224,224,True,Otsu,True,"[0.0, 1.0]",0.2574,Kandanghaur,28.485,82.75,18.0,0.314,2.533,4.613,72,Gadu,OPENMETEO_API,26,0.0,1.202,0.0
SEH015,Healthy_rice_leaf (111).jpg,sehat,0,sehat\Healthy_rice_leaf (111).jpg,C:\ML\bigdata\Penyakit_Daun_Padi_Indonesia\sehat\Healthy_rice_leaf (111).jpg,1898.4,.jpg,3731701cc4f0d09e,train,224,224,True,Otsu,True,"[0.0, 1.0]",0.2841,Indramayu,28.618,79.361,6.4,0.375,2.533,6.551,72,Gadu,OPENMETEO_API,26,0.0,1.202,0.0
SEH016,Healthy_rice_leaf (112).jpg,sehat,0,sehat\Healthy_rice_leaf (112).jpg,C:\ML\bigdata\Penyakit_Daun_Padi_Indonesia\sehat\Healthy_rice_leaf (112).jpg,1880.0,.jpg,5203eeb4aeaf5543,train,224,224,True,Otsu,True,"[0.0, 1.0]",0.2813,Indramayu,28.618,79.361,6.4,0.375,2.533,6.551,72,Gadu,OPENMETEO_API,26,0.0,1.202,0.0
SEH017,Healthy_rice_leaf (113).jpg,sehat,0,sehat\Healthy_rice_leaf (113).jpg,C:\ML\bigdata\Penyakit_Daun_Padi_Indonesia\sehat\Healthy_rice_leaf (113).jpg,1470.6,.jpg,2055344340a637f7,train,224,224,True,Otsu,True,"[0.0, 1.0]",0.2189,Kandanghaur,28.485,82.75,18.0,0.314,2.533,4.613,72,Gadu,OPENMETEO_API,26,0.0,1.202,0.0
SEH018,Healthy_rice_leaf (117).jpg,sehat,0,sehat\Healthy_rice_leaf (117).jpg,C:\ML\bigdata\Penyakit_Daun_Padi_Indonesia\sehat\Healthy_rice_leaf (117).jpg,1917.9,.jpg,9539791b2206d308,train,224,224,True,Otsu,True,"[0.0, 1.0]",0.287,Jatibarang,28.062,82.458,12.0,0.319,2.533,5.075,72,Gadu,OPENMETEO_API,26,0.0,1.202,0.0
SEH019,Healthy_rice_leaf (118).jpg,sehat,0,sehat\Healthy_rice_leaf (118).jpg,C:\ML\bigdata\Penyakit_Daun_Padi_Indonesia\sehat\Healthy_rice_leaf (118).jpg,1715.4,.jpg,27ff0457cfd1741e,val,224,224,True,Otsu,True,"[0.0, 1.0]",0.2562,Jatibarang,28.062,82.458,12.0,0.319,2.533,5.075,72,Gadu,OPENMETEO_API,26,0.0,1.202,0.0
SEH020,Healthy_rice_leaf (119).jpg,sehat,0,sehat\Healthy_rice_leaf (119).jpg,C:\ML\bigdata\Penyakit_Daun_Padi_Indonesia\sehat\Healthy_rice_leaf (119).jpg,1681.7,.jpg,55d14759ab7729c3,train,224,224,True,Otsu,True,"[0.0, 1.0]",0.2511,Indramayu,28.618,79.361,6.4,0.375,2.533,6.551,72,Gadu,OPENMETEO_API,26,0.0,1.202,0.0
SEH021,Healthy_rice_leaf (120).jpg,sehat,0,sehat\Healthy_rice_leaf (120).jpg,C:\ML\bigdata\Penyakit_Daun_Padi_Indonesia\sehat\Healthy_rice_leaf (120).jpg,1573.6,.jpg,378a57c2c57f8330,val,224,224,True,Otsu,True,"[0.0, 1.0]",0.2346,Indramayu,28.618,79.361,6.4,0.375,2.533,6.551,72,Gadu,OPENMETEO_API,26,0.0,1.202,0.0
SEH022,Healthy_rice_leaf (121).jpg,sehat,0,sehat\Healthy_rice_leaf (121).jpg,C:\ML\bigdata\Penyakit_Daun_Padi_Indonesia\sehat\Healthy_rice_leaf (121).jpg,1494.3,.jpg,72c7b1b63f9ec4f8,train,224,224,True,Otsu,True,"[0.0, 1.0]",0.2225,Haurgeulis,28.297,82.444,11.0,0.319,2.533,5.251,72,Gadu,OPENMETEO_API,26,0.0,1.202,0.0
SEH023,Healthy_rice_leaf (14).jpg,sehat,0,sehat\Healthy_rice_leaf (14).jpg,C:\ML\bigdata\Penyakit_Daun_Padi_Indonesia\sehat\Healthy_rice_leaf (14).jpg,1649.1,.jpg,703452ab019d2557,train,224,224,True,Otsu,True,"[0.0, 1.0]",0.2461,Indramayu,28.618,79.361,6.4,0.375,2.533,6.551,72,Gadu,OPENMETEO_API,26,0.0,1.202,0.0
SEH024,Healthy_rice_leaf (179).jpg,sehat,0,sehat\Healthy_rice_leaf (179).jpg,C:\ML\bigdata\Penyakit_Daun_Padi_Indonesia\sehat\Healthy_rice_leaf (179).jpg,560.2,.jpg,335f93c3cec54f88,train,224,224,True,Otsu,True,"[0.0, 1.0]",0.0803,Kandanghaur,28.485,82.75,18.0,0.314,2.533,4.613,72,Gadu,OPENMETEO_API,26,0.0,1.202,0.0
SEH025,Healthy_rice_leaf (18).jpg,sehat,0,sehat\Healthy_rice_leaf (18).jpg,C:\ML\bigdata\Penyakit_Daun_Padi_Indonesia\sehat\Healthy_rice_leaf (18).jpg,297.8,.jpg,4000faf2c5e89762,test,224,224,True,Otsu,True,"[0.0, 1.0]",0.0404,Jatibarang,28.062,82.458,12.0,0.319,2.533,5.075,72,Gadu,OPENMETEO_API,26,0.0,1.202,0.0
SEH026,Healthy_rice_leaf (19).jpg,sehat,0,sehat\Healthy_rice_leaf (19).jpg,C:\ML\bigdata\Penyakit_Daun_Padi_Indonesia\sehat\Healthy_rice_leaf (19).jpg,491.3,.jpg,7c22ffb308d20834,train,224,224,True,Otsu,True,"[0.0, 1.0]",0.0698,Jatibarang,28.062,82.458,12.0,0.319,2.533,5.075,72,Gadu,OPENMETEO_API,26,0.0,1.202,0.0
SEH027,Healthy_rice_leaf (20).jpg,sehat,0,sehat\Healthy_rice_leaf (20).jpg,C:\ML\bigdata\Penyakit_Daun_Padi_Indonesia\sehat\Healthy_rice_leaf (20).jpg,3524.0,.jpg,6712c3caecb13316,train,224,224,True,Otsu,True,"[0.0, 1.0]",0.5316,Haurgeulis,28.297,82.444,11.0,0.319,2.533,5.251,72,Gadu,OPENMETEO_API,26,0.0,1.202,0.0
SEH028,Healthy_rice_leaf (21).jpg,sehat,0,sehat\Healthy_rice_leaf (21).jpg,C:\ML\bigdata\Penyakit_Daun_Padi_Indonesia\sehat\Healthy_rice_leaf (21).jpg,485.3,.jpg,1d491a3cdbecf0ea,train,224,224,True,Otsu,True,"[0.0, 1.0]",0.0689,Jatibarang,28.062,82.458,12.0,0.319,2.533,5.075,72,Gadu,OPENMETEO_API,26,0.0,1.202,0.0
SEH029,Healthy_rice_leaf (22).jpg,sehat,0,sehat\Healthy_rice_leaf (22).jpg,C:\ML\bigdata\Penyakit_Daun_Padi_Indonesia\sehat\Healthy_rice_leaf (22).jpg,125.0,.jpg,02327b4b1d77836d,val,224,224,True,Otsu,True,"[0.0, 1.0]",0.0141,Jatibarang,28.062,82.458,12.0,0.319,2.533,5.075,72,Gadu,OPENMETEO_API,26,0.0,1.202,0.0
SEH030,Healthy_rice_leaf (23).jpg,sehat,0,sehat\Healthy_rice_leaf (23).jpg,C:\ML\bigdata\Penyakit_Daun_Padi_Indonesia\sehat\Healthy_rice_leaf (23).jpg,501.7,.jpg,3557d18638629fda,train,224,224,True,Otsu,True,"[0.0, 1.0]",0.0714,Patrol,28.289,82.736,13.3,0.314,2.533,6.528,72,Gadu,OPENMETEO_API,26,0.0,1.202,0.0
SEH031,Healthy_rice_leaf (25).jpg,sehat,0,sehat\Healthy_rice_leaf (25).jpg,C:\ML\bigdata\Penyakit_Daun_Padi_Indonesia\sehat\Healthy_rice_leaf (25).jpg,547.5,.jpg,ca16720a974abb18,val,224,224,True,Otsu,True,"[0.0, 1.0]",0.0784,Kandanghaur,28.485,82.75,18.0,0.314,2.533,4.613,72,Gadu,OPENMETEO_API,26,0.0,1.202,0.0
SEH032,Healthy_rice_leaf (29).jpg,sehat,0,sehat\Healthy_rice_leaf (29).jpg,C:\ML\bigdata\Penyakit_Daun_Padi_Indonesia\sehat\Healthy_rice_leaf (29).jpg,557.2,.jpg,2e268b8909009914,train,224,224,True,Otsu,True,"[0.0, 1.0]",0.0799,Patrol,28.289,82.736,13.3,0.314,2.533,6.528,72,Gadu,OPENMETEO_API,26,0.0,1.202,0.0
SEH033,Healthy_rice_leaf (3).jpg,sehat,0,sehat\Healthy_rice_leaf (3).jpg,C:\ML\bigdata\Penyakit_Daun_Padi_Indonesia\sehat\Healthy_rice_leaf (3).jpg,609.8,.jpg,cb71872df51d9d27,train,224,224,True,Otsu,True,"[0.0, 1.0]",0.0879,Jatibarang,28.062,82.458,12.0,0.319,2.533,5.075,72,Gadu,OPENMETEO_API,26,0.0,1.202,0.0
SEH034,Healthy_rice_leaf (30).jpg,sehat,0,sehat\Healthy_rice_leaf (30).jpg,C:\ML\bigdata\Penyakit_Daun_Padi_Indonesia\sehat\Healthy_rice_leaf (30).jpg,434.5,.jpg,671fa8b46e01825e,test,224,224,True,Otsu,True,"[0.0, 1.0]",0.0612,Haurgeulis,28.297,82.444,11.0,0.319,2.533,5.251,72,Gadu,OPENMETEO_API,26,0.0,1.202,0.0
SEH035,Healthy_rice_leaf (31).jpg,sehat,0,sehat\Healthy_rice_leaf (31).jpg,C:\ML\bigdata\Penyakit_Daun_Padi_Indonesia\sehat\Healthy_rice_leaf (31).jpg,451.3,.jpg,cf2fd1ca22fb6d07,train,224,224,True,Otsu,True,"[0.0, 1.0]",0.0638,Haurgeulis,28.297,82.444,11.0,0.319,2.533,5.251,72,Gadu,OPENMETEO_API,26,0.0,1.202,0.0
SEH036,Healthy_rice_leaf (32).jpg,sehat,0,sehat\Healthy_rice_leaf (32).jpg,C:\ML\bigdata\Penyakit_Daun_Padi_Indonesia\sehat\Healthy_rice_leaf (32).jpg,553.1,.jpg,d5b5e6451d24dde8,train,224,224,True,Otsu,True,"[0.0, 1.0]",0.0793,Jatibarang,28.062,82.458,12.0,0.319,2.533,5.075,72,Gadu,OPENMETEO_API,26,0.0,1.202,0.0
SEH037,Healthy_rice_leaf (33).jpg,sehat,0,sehat\Healthy_rice_leaf (33).jpg,C:\ML\bigdata\Penyakit_Daun_Padi_Indonesia\sehat\Healthy_rice_leaf (33).jpg,626.0,.jpg,34974c771e74ee01,val,224,224,True,Otsu,True,"[0.0, 1.0]",0.0904,Indramayu,28.618,79.361,6.4,0.375,2.533,6.551,72,Gadu,OPENMETEO_API,26,0.0,1.202,0.0
SEH038,Healthy_rice_leaf (34).jpg,sehat,0,sehat\Healthy_rice_leaf (34).jpg,C:\ML\bigdata\Penyakit_Daun_Padi_Indonesia\sehat\Healthy_rice_leaf (34).jpg,534.7,.jpg,b81cd614acec1912,train,224,224,True,Otsu,True,"[0.0, 1.0]",0.0765,Patrol,28.289,82.736,13.3,0.314,2.533,6.528,72,Gadu,OPENMETEO_API,26,0.0,1.202,0.0
SEH039,Healthy_rice_leaf (35).jpg,sehat,0,sehat\Healthy_rice_leaf (35).jpg,C:\ML\bigdata\Penyakit_Daun_Padi_Indonesia\sehat\Healthy_rice_leaf (35).jpg,578.9,.jpg,9b9976a95d315e5e,val,224,224,True,Otsu,True,"[0.0, 1.0]",0.0832,Jatibarang,28.062,82.458,12.0,0.319,2.533,5.075,72,Gadu,OPENMETEO_API,26,0.0,1.202,0.0
SEH040,Healthy_rice_leaf (36).jpg,sehat,0,sehat\Healthy_rice_leaf (36).jpg,C:\ML\bigdata\Penyakit_Daun_Padi_Indonesia\sehat\Healthy_rice_leaf (36).jpg,568.1,.jpg,03d113fbb1f7fb0d,train,224,224,True,Otsu,True,"[0.0, 1.0]",0.0815,Haurgeulis,28.297,82.444,11.0,0.319,2.533,5.251,72,Gadu,OPENMETEO_API,26,0.0,1.202,0.0
SEH041,Healthy_rice_leaf (40).jpg,sehat,0,sehat\Healthy_rice_leaf (40).jpg,C:\ML\bigdata\Penyakit_Daun_Padi_Indonesia\sehat\Healthy_rice_leaf (40).jpg,563.1,.jpg,16ddfaa3e249f9c5,train,224,224,True,Otsu,True,"[0.0, 1.0]",0.0808,Haurgeulis,28.297,82.444,11.0,0.319,2.533,5.251,72,Gadu,OPENMETEO_API,26,0.0,1.202,0.0
SEH042,Healthy_rice_leaf (41).jpg,sehat,0,sehat\Healthy_rice_leaf (41).jpg,C:\ML\bigdata\Penyakit_Daun_Padi_Indonesia\sehat\Healthy_rice_leaf (41).jpg,570.8,.jpg,e9f728509a9f73f9,train,224,224,True,Otsu,True,"[0.0, 1.0]",0.082,Patrol,28.289,82.736,13.3,0.314,2.533,6.528,72,Gadu,OPENMETEO_API,26,0.0,1.202,0.0
SEH043,Healthy_rice_leaf (42).jpg,sehat,0,sehat\Healthy_rice_leaf (42).jpg,C:\ML\bigdata\Penyakit_Daun_Padi_Indonesia\sehat\Healthy_rice_leaf (42).jpg,665.9,.jpg,ec33372855ac8ae7,train,224,224,True,Otsu,True,"[0.0, 1.0]",0.0964,Kandanghaur,28.485,82.75,18.0,0.314,2.533,4.613,72,Gadu,OPENMETEO_API,26,0.0,1.202,0.0
SEH044,Healthy_rice_leaf (43).jpg,sehat,0,sehat\Healthy_rice_leaf (43).jpg,C:\ML\bigdata\Penyakit_Daun_Padi_Indonesia\sehat\Healthy_rice_leaf (43).jpg,669.5,.jpg,c2b349c241615290,train,224,224,True,Otsu,True,"[0.0, 1.0]",0.097,Jatibarang,28.062,82.458,12.0,0.319,2.533,5.075,72,Gadu,OPENMETEO_API,26,0.0,1.202,0.0
SEH045,Healthy_rice_leaf (44).jpg,sehat,0,sehat\Healthy_rice_leaf (44).jpg,C:\ML\bigdata\Penyakit_Daun_Padi_Indonesia\sehat\Healthy_rice_leaf (44).jpg,704.0,.jpg,387d6af25bdb06fe,train,224,224,True,Otsu,True,"[0.0, 1.0]",0.1022,Jatibarang,28.062,82.458,12.0,0.319,2.533,5.075,72,Gadu,OPENMETEO_API,26,0.0,1.202,0.0
SEH046,Healthy_rice_leaf (45).jpg,sehat,0,sehat\Healthy_rice_leaf (45).jpg,C:\ML\bigdata\Penyakit_Daun_Padi_Indonesia\sehat\Healthy_rice_leaf (45).jpg,871.1,.jpg,1522296790a9717e,train,224,224,True,Otsu,True,"[0.0, 1.0]",0.1277,Kandanghaur,28.485,82.75,18.0,0.314,2.533,4.613,72,Gadu,OPENMETEO_API,26,0.0,1.202,0.0
SEH047,Healthy_rice_leaf (46).jpg,sehat,0,sehat\Healthy_rice_leaf (46).jpg,C:\ML\bigdata\Penyakit_Daun_Padi_Indonesia\sehat\Healthy_rice_leaf (46).jpg,921.8,.jpg,cf4f857c4575613c,train,224,224,True,Otsu,True,"[0.0, 1.0]",0.1354,Patrol,28.289,82.736,13.3,0.314,2.533,6.528,72,Gadu,OPENMETEO_API,26,0.0,1.202,0.0
SEH048,Healthy_rice_leaf (47).jpg,sehat,0,sehat\Healthy_rice_leaf (47).jpg,C:\ML\bigdata\Penyakit_Daun_Padi_Indonesia\sehat\Healthy_rice_leaf (47).jpg,934.4,.jpg,328b167fc1ff90d6,train,224,224,True,Otsu,True,"[0.0, 1.0]",0.1373,Patrol,28.289,82.736,13.3,0.314,2.533,6.528,72,Gadu,OPENMETEO_API,26,0.0,1.202,0.0
SEH049,Healthy_rice_leaf (51).jpg,sehat,0,sehat\Healthy_rice_leaf (51).jpg,C:\ML\bigdata\Penyakit_Daun_Padi_Indonesia\sehat\Healthy_rice_leaf (51).jpg,857.7,.jpg,31b2d38d6e62b78b,train,224,224,True,Otsu,True,"[0.0, 1.0]",0.1256,Haurgeulis,28.297,82.444,11.0,0.319,2.533,5.251,72,Gadu,OPENMETEO_API,26,0.0,1.202,0.0
SEH050,Healthy_rice_leaf (52).jpg,sehat,0,sehat\Healthy_rice_leaf (52).jpg,C:\ML\bigdata\Penyakit_Daun_Padi_Indonesia\sehat\Healthy_rice_leaf (52).jpg,854.6,.jpg,c4cea20b018a5706,train,224,224,True,Otsu,True,"[0.0, 1.0]",0.1252,Kandanghaur,28.485,82.75,18.0,0.314,2.533,4.613,72,Gadu,OPENMETEO_API,26,0.0,1.202,0.0
SEH051,Healthy_rice_leaf (53).jpg,sehat,0,sehat\Healthy_rice_leaf (53).jpg,C:\ML\bigdata\Penyakit_Daun_Padi_Indonesia\sehat\Healthy_rice_leaf (53).jpg,861.5,.jpg,d517f9fe9abba89e,train,224,224,True,Otsu,True,"[0.0, 1.0]",0.1262,Patrol,28.289,82.736,13.3,0.314,2.533,6.528,72,Gadu,OPENMETEO_API,26,0.0,1.202,0.0
SEH052,Healthy_rice_leaf (54).jpg,sehat,0,sehat\Healthy_rice_leaf (54).jpg,C:\ML\bigdata\Penyakit_Daun_Padi_Indonesia\sehat\Healthy_rice_leaf (54).jpg,850.9,.jpg,9e78e91a700f2fb5,train,224,224,True,Otsu,True,"[0.0, 1.0]",0.1246,Indramayu,28.618,79.361,6.4,0.375,2.533,6.551,72,Gadu,OPENMETEO_API,26,0.0,1.202,0.0
SEH053,Healthy_rice_leaf (55).jpg,sehat,0,sehat\Healthy_rice_leaf (55).jpg,C:\ML\bigdata\Penyakit_Daun_Padi_Indonesia\sehat\Healthy_rice_leaf (55).jpg,4810.5,.jpg,fb5a2fe1239eb87d,train,224,224,True,Otsu,True,"[0.0, 1.0]",0.7274,Jatibarang,28.062,82.458,12.0,0.319,2.533,5.075,72,Gadu,OPENMETEO_API,26,0.0,1.202,0.0
SEH054,Healthy_rice_leaf (56).jpg,sehat,0,sehat\Healthy_rice_leaf (56).jpg,C:\ML\bigdata\Penyakit_Daun_Padi_Indonesia\sehat\Healthy_rice_leaf (56).jpg,775.0,.jpg,d24c07b8e69f0c01,test,224,224,True,Otsu,True,"[0.0, 1.0]",0.113,Haurgeulis,28.297,82.444,11.0,0.319,2.533,5.251,72,Gadu,OPENMETEO_API,26,0.0,1.202,0.0
SEH055,Healthy_rice_leaf (57).jpg,sehat,0,sehat\Healthy_rice_leaf (57).jpg,C:\ML\bigdata\Penyakit_Daun_Padi_Indonesia\sehat\Healthy_rice_leaf (57).jpg,566.3,.jpg,2a0ec1bb97170d44,train,224,224,True,Otsu,True,"[0.0, 1.0]",0.0813,Kandanghaur,28.485,82.75,18.0,0.314,2.533,4.613,72,Gadu,OPENMETEO_API,26,0.0,1.202,0.0
SEH056,Healthy_rice_leaf (58).jpg,sehat,0,sehat\Healthy_rice_leaf (58).jpg,C:\ML\bigdata\Penyakit_Daun_Padi_Indonesia\sehat\Healthy_rice_leaf (58).jpg,4885.4,.jpg,68c7af2d7c2e6717,train,224,224,True,Otsu,True,"[0.0, 1.0]",0.7388,Haurgeulis,28.297,82.444,11.0,0.319,2.533,5.251,72,Gadu,OPENMETEO_API,26,0.0,1.202,0.0
SEH057,Healthy_rice_leaf (62).jpg,sehat,0,sehat\Healthy_rice_leaf (62).jpg,C:\ML\bigdata\Penyakit_Daun_Padi_Indonesia\sehat\Healthy_rice_leaf (62).jpg,5672.9,.jpg,871abead123f2513,train,224,224,True,Otsu,True,"[0.0, 1.0]",0.8587,Patrol,28.289,82.736,13.3,0.314,2.533,6.528,72,Gadu,OPENMETEO_API,26,0.0,1.202,0.0
SEH058,Healthy_rice_leaf (63).jpg,sehat,0,sehat\Healthy_rice_leaf (63).jpg,C:\ML\bigdata\Penyakit_Daun_Padi_Indonesia\sehat\Healthy_rice_leaf (63).jpg,6231.2,.jpg,55697badde834ac9,train,224,224,True,Otsu,True,"[0.0, 1.0]",0.9437,Patrol,28.289,82.736,13.3,0.314,2.533,6.528,72,Gadu,OPENMETEO_API,26,0.0,1.202,0.0
SEH059,Healthy_rice_leaf (64).jpg,sehat,0,sehat\Healthy_rice_leaf (64).jpg,C:\ML\bigdata\Penyakit_Daun_Padi_Indonesia\sehat\Healthy_rice_leaf (64).jpg,5465.7,.jpg,4500d8a9cf1e9fe1,train,224,224,True,Otsu,True,"[0.0, 1.0]",0.8272,Indramayu,28.618,79.361,6.4,0.375,2.533,6.551,72,Gadu,OPENMETEO_API,26,0.0,1.202,0.0
SEH060,Healthy_rice_leaf (65).jpg,sehat,0,sehat\Healthy_rice_leaf (65).jpg,C:\ML\bigdata\Penyakit_Daun_Padi_Indonesia\sehat\Healthy_rice_leaf (65).jpg,5161.5,.jpg,50b1f90087914364,train,224,224,True,Otsu,True,"[0.0, 1.0]",0.7808,Jatibarang,28.062,82.458,12.0,0.319,2.533,5.075,72,Gadu,OPENMETEO_API,26,0.0,1.202,0.0
SEH061,Healthy_rice_leaf (66).jpg,sehat,0,sehat\Healthy_rice_leaf (66).jpg,C:\ML\bigdata\Penyakit_Daun_Padi_Indonesia\sehat\Healthy_rice_leaf (66).jpg,4952.3,.jpg,cf442dccd909c997,test,224,224,True,Otsu,True,"[0.0, 1.0]",0.749,Kandanghaur,28.485,82.75,18.0,0.314,2.533,4.613,72,Gadu,OPENMETEO_API,26,0.0,1.202,0.0
SEH062,Healthy_rice_leaf (67).jpg,sehat,0,sehat\Healthy_rice_leaf (67).jpg,C:\ML\bigdata\Penyakit_Daun_Padi_Indonesia\sehat\Healthy_rice_leaf (67).jpg,4506.6,.jpg,f24e533c1a47a3a8,train,224,224,True,Otsu,True,"[0.0, 1.0]",0.6811,Haurgeulis,28.297,82.444,11.0,0.319,2.533,5.251,72,Gadu,OPENMETEO_API,26,0.0,1.202,0.0
SEH063,Healthy_rice_leaf (68).jpg,sehat,0,sehat\Healthy_rice_leaf (68).jpg,C:\ML\bigdata\Penyakit_Daun_Padi_Indonesia\sehat\Healthy_rice_leaf (68).jpg,988.1,.jpg,7022ff8deccf585f,train,224,224,True,Otsu,True,"[0.0, 1.0]",0.1455,Jatibarang,28.062,82.458,12.0,0.319,2.533,5.075,72,Gadu,OPENMETEO_API,26,0.0,1.202,0.0
SEH064,Healthy_rice_leaf (69).jpg,sehat,0,sehat\Healthy_rice_leaf (69).jpg,C:\ML\bigdata\Penyakit_Daun_Padi_Indonesia\sehat\Healthy_rice_leaf (69).jpg,1096.8,.jpg,40e79662326b83d0,train,224,224,True,Otsu,True,"[0.0, 1.0]",0.162,Patrol,28.289,82.736,13.3,0.314,2.533,6.528,72,Gadu,OPENMETEO_API,26,0.0,1.202,0.0
SEH065,Healthy_rice_leaf (7).jpg,sehat,0,sehat\Healthy_rice_leaf (7).jpg,C:\ML\bigdata\Penyakit_Daun_Padi_Indonesia\sehat\Healthy_rice_leaf (7).jpg,694.1,.jpg,796125880101e576,val,224,224,True,Otsu,True,"[0.0, 1.0]",0.1007,Jatibarang,28.062,82.458,12.0,0.319,2.533,5.075,72,Gadu,OPENMETEO_API,26,0.0,1.202,0.0
SEH066,Healthy_rice_leaf (73).jpg,sehat,0,sehat\Healthy_rice_leaf (73).jpg,C:\ML\bigdata\Penyakit_Daun_Padi_Indonesia\sehat\Healthy_rice_leaf (73).jpg,811.5,.jpg,3b12343c45e9b1d6,train,224,224,True,Otsu,True,"[0.0, 1.0]",0.1186,Haurgeulis,28.297,82.444,11.0,0.319,2.533,5.251,72,Gadu,OPENMETEO_API,26,0.0,1.202,0.0
SEH067,Healthy_rice_leaf (74).jpg,sehat,0,sehat\Healthy_rice_leaf (74).jpg,C:\ML\bigdata\Penyakit_Daun_Padi_Indonesia\sehat\Healthy_rice_leaf (74).jpg,733.9,.jpg,a59b73137115151c,train,224,224,True,Otsu,True,"[0.0, 1.0]",0.1068,Jatibarang,28.062,82.458,12.0,0.319,2.533,5.075,72,Gadu,OPENMETEO_API,26,0.0,1.202,0.0
SEH068,Healthy_rice_leaf (75).jpg,sehat,0,sehat\Healthy_rice_leaf (75).jpg,C:\ML\bigdata\Penyakit_Daun_Padi_Indonesia\sehat\Healthy_rice_leaf (75).jpg,706.6,.jpg,5b3df872f7675933,train,224,224,True,Otsu,True,"[0.0, 1.0]",0.1026,Patrol,28.289,82.736,13.3,0.314,2.533,6.528,72,Gadu,OPENMETEO_API,26,0.0,1.202,0.0
SEH069,Healthy_rice_leaf (76).jpg,sehat,0,sehat\Healthy_rice_leaf (76).jpg,C:\ML\bigdata\Penyakit_Daun_Padi_Indonesia\sehat\Healthy_rice_leaf (76).jpg,780.9,.jpg,ca984903b63b764f,train,224,224,True,Otsu,True,"[0.0, 1.0]",0.1139,Jatibarang,28.062,82.458,12.0,0.319,2.533,5.075,72,Gadu,OPENMETEO_API,26,0.0,1.202,0.0
SEH070,Healthy_rice_leaf (77).jpg,sehat,0,sehat\Healthy_rice_leaf (77).jpg,C:\ML\bigdata\Penyakit_Daun_Padi_Indonesia\sehat\Healthy_rice_leaf (77).jpg,746.9,.jpg,e17cba31a3ede52e,train,224,224,True,Otsu,True,"[0.0, 1.0]",0.1088,Kandanghaur,28.485,82.75,18.0,0.314,2.533,4.613,72,Gadu,OPENMETEO_API,26,0.0,1.202,0.0
SEH071,Healthy_rice_leaf (78).jpg,sehat,0,sehat\Healthy_rice_leaf (78).jpg,C:\ML\bigdata\Penyakit_Daun_Padi_Indonesia\sehat\Healthy_rice_leaf (78).jpg,756.8,.jpg,4ac3b5b020079ab6,train,224,224,True,Otsu,True,"[0.0, 1.0]",0.1103,Jatibarang,28.062,82.458,12.0,0.319,2.533,5.075,72,Gadu,OPENMETEO_API,26,0.0,1.202,0.0
SEH072,Healthy_rice_leaf (79).jpg,sehat,0,sehat\Healthy_rice_leaf (79).jpg,C:\ML\bigdata\Penyakit_Daun_Padi_Indonesia\sehat\Healthy_rice_leaf (79).jpg,635.7,.jpg,90c6d9faef8ad83d,test,224,224,True,Otsu,True,"[0.0, 1.0]",0.0918,Kandanghaur,28.485,82.75,18.0,0.314,2.533,4.613,72,Gadu,OPENMETEO_API,26,0.0,1.202,0.0
SEH073,Healthy_rice_leaf (8).jpg,sehat,0,sehat\Healthy_rice_leaf (8).jpg,C:\ML\bigdata\Penyakit_Daun_Padi_Indonesia\sehat\Healthy_rice_leaf (8).jpg,829.0,.jpg,02cb579f3d282f47,val,224,224,True,Otsu,True,"[0.0, 1.0]",0.1213,Jatibarang,28.062,82.458,12.0,0.319,2.533,5.075,72,Gadu,OPENMETEO_API,26,0.0,1.202,0.0
SEH074,Healthy_rice_leaf (80).jpg,sehat,0,sehat\Healthy_rice_leaf (80).jpg,C:\ML\bigdata\Penyakit_Daun_Padi_Indonesia\sehat\Healthy_rice_leaf (80).jpg,665.1,.jpg,11aab4abe9d05a2d,train,224,224,True,Otsu,True,"[0.0, 1.0]",0.0963,Patrol,28.289,82.736,13.3,0.314,2.533,6.528,72,Gadu,OPENMETEO_API,26,0.0,1.202,0.0
SEH075,Healthy_rice_leaf (84).jpg,sehat,0,sehat\Healthy_rice_leaf (84).jpg,C:\ML\bigdata\Penyakit_Daun_Padi_Indonesia\sehat\Healthy_rice_leaf (84).jpg,744.2,.jpg,5d9a27b97907acaa,train,224,224,True,Otsu,True,"[0.0, 1.0]",0.1084,Indramayu,28.618,79.361,6.4,0.375,2.533,6.551,72,Gadu,OPENMETEO_API,26,0.0,1.202,0.0
SEH076,Healthy_rice_leaf (85).jpg,sehat,0,sehat\Healthy_rice_leaf (85).jpg,C:\ML\bigdata\Penyakit_Daun_Padi_Indonesia\sehat\Healthy_rice_leaf (85).jpg,698.1,.jpg,967e16849721214a,train,224,224,True,Otsu,True,"[0.0, 1.0]",0.1013,Indramayu,28.618,79.361,6.4,0.375,2.533,6.551,72,Gadu,OPENMETEO_API,26,0.0,1.202,0.0
SEH077,Healthy_rice_leaf (86).jpg,sehat,0,sehat\Healthy_rice_leaf (86).jpg,C:\ML\bigdata\Penyakit_Daun_Padi_Indonesia\sehat\Healthy_rice_leaf (86).jpg,819.5,.jpg,d3c676002a80df90,test,224,224,True,Otsu,True,"[0.0, 1.0]",0.1198,Kandanghaur,28.485,82.75,18.0,0.314,2.533,4.613,72,Gadu,OPENMETEO_API,26,0.0,1.202,0.0
SEH078,Healthy_rice_leaf (87).jpg,sehat,0,sehat\Healthy_rice_leaf (87).jpg,C:\ML\bigdata\Penyakit_Daun_Padi_Indonesia\sehat\Healthy_rice_leaf (87).jpg,550.9,.jpg,c0f54d2100aab414,train,224,224,True,Otsu,True,"[0.0, 1.0]",0.0789,Kandanghaur,28.485,82.75,18.0,0.314,2.533,4.613,72,Gadu,OPENMETEO_API,26,0.0,1.202,0.0
SEH079,Healthy_rice_leaf (88).jpg,sehat,0,sehat\Healthy_rice_leaf (88).jpg,C:\ML\bigdata\Penyakit_Daun_Padi_Indonesia\sehat\Healthy_rice_leaf (88).jpg,4757.7,.jpg,17ead2dc9b39f13f,train,224,224,True,Otsu,True,"[0.0, 1.0]",0.7194,Indramayu,28.618,79.361,6.4,0.375,2.533,6.551,72,Gadu,OPENMETEO_API,26,0.0,1.202,0.0
BLA001,IMG_0448.jpg,blast,1,blast\IMG_0448.jpg,C:\ML\bigdata\Penyakit_Daun_Padi_Indonesia\blast\IMG_0448.jpg,49.8,.jpg,55f38550363218af,train,224,224,True,Otsu,True,"[0.0, 1.0]",0.0026,Patrol,28.289,82.736,13.3,0.314,2.533,6.528,72,Gadu,OPENMETEO_API,48,45.042,1.407,61.104
BLA002,IMG_0535.jpg,blast,1,blast\IMG_0535.jpg,C:\ML\bigdata\Penyakit_Daun_Padi_Indonesia\blast\IMG_0535.jpg,33.5,.jpg,85031f2ac9918a10,train,224,224,True,Otsu,True,"[0.0, 1.0]",0.0002,Patrol,28.289,82.736,13.3,0.314,2.533,6.528,72,Gadu,OPENMETEO_API,48,45.042,1.407,61.104
BLA003,IMG_0536.jpg,blast,1,blast\IMG_0536.jpg,C:\ML\bigdata\Penyakit_Daun_Padi_Indonesia\blast\IMG_0536.jpg,81.0,.jpg,bdce573704fd3182,train,224,224,True,Otsu,True,"[0.0, 1.0]",0.0074,Jatibarang,28.062,82.458,12.0,0.319,2.533,5.075,72,Gadu,OPENMETEO_API,48,45.042,1.407,61.104
BLA004,IMG_0541.jpg,blast,1,blast\IMG_0541.jpg,C:\ML\bigdata\Penyakit_Daun_Padi_Indonesia\blast\IMG_0541.jpg,73.7,.jpg,af2460288df26891,val,224,224,True,Otsu,True,"[0.0, 1.0]",0.0063,Kandanghaur,28.485,82.75,18.0,0.314,2.533,4.613,72,Gadu,OPENMETEO_API,48,45.042,1.407,61.104
BLA005,IMG_0543.jpg,blast,1,blast\IMG_0543.jpg,C:\ML\bigdata\Penyakit_Daun_Padi_Indonesia\blast\IMG_0543.jpg,66.5,.jpg,48e145f66d80c68b,train,224,224,True,Otsu,True,"[0.0, 1.0]",0.0052,Patrol,28.289,82.736,13.3,0.314,2.533,6.528,72,Gadu,OPENMETEO_API,48,45.042,1.407,61.104
BLA006,IMG_0544.jpg,blast,1,blast\IMG_0544.jpg,C:\ML\bigdata\Penyakit_Daun_Padi_Indonesia\blast\IMG_0544.jpg,70.6,.jpg,461a1aaf26649724,train,224,224,True,Otsu,True,"[0.0, 1.0]",0.0058,Haurgeulis,28.297,82.444,11.0,0.319,2.533,5.251,72,Gadu,OPENMETEO_API,48,45.042,1.407,61.104
BLA007,IMG_0545.jpg,blast,1,blast\IMG_0545.jpg,C:\ML\bigdata\Penyakit_Daun_Padi_Indonesia\blast\IMG_0545.jpg,70.0,.jpg,518ca4aec9e79c5b,test,224,224,True,Otsu,True,"[0.0, 1.0]",0.0057,Jatibarang,28.062,82.458,12.0,0.319,2.533,5.075,72,Gadu,OPENMETEO_API,48,45.042,1.407,61.104
BLA008,IMG_0546.jpg,blast,1,blast\IMG_0546.jpg,C:\ML\bigdata\Penyakit_Daun_Padi_Indonesia\blast\IMG_0546.jpg,44.7,.jpg,104d5f1cb50cace1,train,224,224,True,Otsu,True,"[0.0, 1.0]",0.0019,Jatibarang,28.062,82.458,12.0,0.319,2.533,5.075,72,Gadu,OPENMETEO_API,48,45.042,1.407,61.104
BLA009,IMG_0547.jpg,blast,1,blast\IMG_0547.jpg,C:\ML\bigdata\Penyakit_Daun_Padi_Indonesia\blast\IMG_0547.jpg,88.7,.jpg,86053ae628804b3e,train,224,224,True,Otsu,True,"[0.0, 1.0]",0.0086,Indramayu,28.618,79.361,6.4,0.375,2.533,6.551,72,Gadu,OPENMETEO_API,48,45.042,1.407,61.104
BLA010,IMG_0548.jpg,blast,1,blast\IMG_0548.jpg,C:\ML\bigdata\Penyakit_Daun_Padi_Indonesia\blast\IMG_0548.jpg,56.6,.jpg,3392d45061663442,train,224,224,True,Otsu,True,"[0.0, 1.0]",0.0037,Kandanghaur,28.485,82.75,18.0,0.314,2.533,4.613,72,Gadu,OPENMETEO_API,48,45.042,1.407,61.104
BLA011,IMG_0549.jpg,blast,1,blast\IMG_0549.jpg,C:\ML\bigdata\Penyakit_Daun_Padi_Indonesia\blast\IMG_0549.jpg,100.3,.jpg,f473dc23883353f8,train,224,224,True,Otsu,True,"[0.0, 1.0]",0.0103,Patrol,28.289,82.736,13.3,0.314,2.533,6.528,72,Gadu,OPENMETEO_API,48,45.042,1.407,61.104
BLA012,IMG_0550.jpg,blast,1,blast\IMG_0550.jpg,C:\ML\bigdata\Penyakit_Daun_Padi_Indonesia\blast\IMG_0550.jpg,64.8,.jpg,0e6ccde04c35fed2,train,224,224,True,Otsu,True,"[0.0, 1.0]",0.0049,Patrol,28.289,82.736,13.3,0.314,2.533,6.528,72,Gadu,OPENMETEO_API,48,45.042,1.407,61.104
BLA013,IMG_0551.jpg,blast,1,blast\IMG_0551.jpg,C:\ML\bigdata\Penyakit_Daun_Padi_Indonesia\blast\IMG_0551.jpg,77.3,.jpg,12ae05af7245c491,train,224,224,True,Otsu,True,"[0.0, 1.0]",0.0068,Jatibarang,28.062,82.458,12.0,0.319,2.533,5.075,72,Gadu,OPENMETEO_API,48,45.042,1.407,61.104
BLA014,IMG_0553.jpg,blast,1,blast\IMG_0553.jpg,C:\ML\bigdata\Penyakit_Daun_Padi_Indonesia\blast\IMG_0553.jpg,80.8,.jpg,da18fcaab7460383,train,224,224,True,Otsu,True,"[0.0, 1.0]",0.0074,Kandanghaur,28.485,82.75,18.0,0.314,2.533,4.613,72,Gadu,OPENMETEO_API,48,45.042,1.407,61.104
BLA015,IMG_0557.jpg,blast,1,blast\IMG_0557.jpg,C:\ML\bigdata\Penyakit_Daun_Padi_Indonesia\blast\IMG_0557.jpg,52.9,.jpg,d865a24c9cfd8b1f,train,224,224,True,Otsu,True,"[0.0, 1.0]",0.0031,Kandanghaur,28.485,82.75,18.0,0.314,2.533,4.613,72,Gadu,OPENMETEO_API,48,45.042,1.407,61.104
BLA016,IMG_0558.jpg,blast,1,blast\IMG_0558.jpg,C:\ML\bigdata\Penyakit_Daun_Padi_Indonesia\blast\IMG_0558.jpg,46.4,.jpg,4527e23e06e1a012,train,224,224,True,Otsu,True,"[0.0, 1.0]",0.0021,Kandanghaur,28.485,82.75,18.0,0.314,2.533,4.613,72,Gadu,OPENMETEO_API,48,45.042,1.407,61.104
BLA017,IMG_0559.jpg,blast,1,blast\IMG_0559.jpg,C:\ML\bigdata\Penyakit_Daun_Padi_Indonesia\blast\IMG_0559.jpg,75.9,.jpg,33cc175217578b2e,test,224,224,True,Otsu,True,"[0.0, 1.0]",0.0066,Indramayu,28.618,79.361,6.4,0.375,2.533,6.551,72,Gadu,OPENMETEO_API,48,45.042,1.407,61.104
BLA018,IMG_0560.jpg,blast,1,blast\IMG_0560.jpg,C:\ML\bigdata\Penyakit_Daun_Padi_Indonesia\blast\IMG_0560.jpg,71.4,.jpg,fde2370bae8bbb18,train,224,224,True,Otsu,True,"[0.0, 1.0]",0.0059,Patrol,28.289,82.736,13.3,0.314,2.533,6.528,72,Gadu,OPENMETEO_API,48,45.042,1.407,61.104
BLA019,IMG_0561.jpg,blast,1,blast\IMG_0561.jpg,C:\ML\bigdata\Penyakit_Daun_Padi_Indonesia\blast\IMG_0561.jpg,45.2,.jpg,1166075f023ea109,test,224,224,True,Otsu,True,"[0.0, 1.0]",0.0019,Kandanghaur,28.485,82.75,18.0,0.314,2.533,4.613,72,Gadu,OPENMETEO_API,48,45.042,1.407,61.104
BLA020,IMG_0563.jpg,blast,1,blast\IMG_0563.jpg,C:\ML\bigdata\Penyakit_Daun_Padi_Indonesia\blast\IMG_0563.jpg,67.1,.jpg,39f51f8e84922848,val,224,224,True,Otsu,True,"[0.0, 1.0]",0.0053,Indramayu,28.618,79.361,6.4,0.375,2.533,6.551,72,Gadu,OPENMETEO_API,48,45.042,1.407,61.104
BLA021,IMG_0566.jpg,blast,1,blast\IMG_0566.jpg,C:\ML\bigdata\Penyakit_Daun_Padi_Indonesia\blast\IMG_0566.jpg,70.7,.jpg,aa636561834e2113,train,224,224,True,Otsu,True,"[0.0, 1.0]",0.0058,Haurgeulis,28.297,82.444,11.0,0.319,2.533,5.251,72,Gadu,OPENMETEO_API,48,45.042,1.407,61.104
BLA022,IMG_0567.jpg,blast,1,blast\IMG_0567.jpg,C:\ML\bigdata\Penyakit_Daun_Padi_Indonesia\blast\IMG_0567.jpg,80.0,.jpg,ebd95b9f5eb7f27e,train,224,224,True,Otsu,True,"[0.0, 1.0]",0.0072,Jatibarang,28.062,82.458,12.0,0.319,2.533,5.075,72,Gadu,OPENMETEO_API,48,45.042,1.407,61.104
BLA023,IMG_0569.jpg,blast,1,blast\IMG_0569.jpg,C:\ML\bigdata\Penyakit_Daun_Padi_Indonesia\blast\IMG_0569.jpg,49.2,.jpg,37dd9fc9d6fc006b,train,224,224,True,Otsu,True,"[0.0, 1.0]",0.0025,Patrol,28.289,82.736,13.3,0.314,2.533,6.528,72,Gadu,OPENMETEO_API,48,45.042,1.407,61.104
BLA024,IMG_0570.jpg,blast,1,blast\IMG_0570.jpg,C:\ML\bigdata\Penyakit_Daun_Padi_Indonesia\blast\IMG_0570.jpg,77.5,.jpg,24118f9b9560857e,train,224,224,True,Otsu,True,"[0.0, 1.0]",0.0069,Patrol,28.289,82.736,13.3,0.314,2.533,6.528,72,Gadu,OPENMETEO_API,48,45.042,1.407,61.104
BLA025,IMG_0571.jpg,blast,1,blast\IMG_0571.jpg,C:\ML\bigdata\Penyakit_Daun_Padi_Indonesia\blast\IMG_0571.jpg,75.2,.jpg,a947a480c5b20060,train,224,224,True,Otsu,True,"[0.0, 1.0]",0.0065,Jatibarang,28.062,82.458,12.0,0.319,2.533,5.075,72,Gadu,OPENMETEO_API,48,45.042,1.407,61.104
BLA026,IMG_0572.jpg,blast,1,blast\IMG_0572.jpg,C:\ML\bigdata\Penyakit_Daun_Padi_Indonesia\blast\IMG_0572.jpg,69.4,.jpg,11c3c20251620c7c,train,224,224,True,Otsu,True,"[0.0, 1.0]",0.0056,Haurgeulis,28.297,82.444,11.0,0.319,2.533,5.251,72,Gadu,OPENMETEO_API,48,45.042,1.407,61.104
BLA027,IMG_0575.jpg,blast,1,blast\IMG_0575.jpg,C:\ML\bigdata\Penyakit_Daun_Padi_Indonesia\blast\IMG_0575.jpg,63.9,.jpg,72bc0a291eb6627b,train,224,224,True,Otsu,True,"[0.0, 1.0]",0.0048,Indramayu,28.618,79.361,6.4,0.375,2.533,6.551,72,Gadu,OPENMETEO_API,48,45.042,1.407,61.104
BLA028,IMG_0576.jpg,blast,1,blast\IMG_0576.jpg,C:\ML\bigdata\Penyakit_Daun_Padi_Indonesia\blast\IMG_0576.jpg,90.5,.jpg,6eaf21dbd4be2e98,train,224,224,True,Otsu,True,"[0.0, 1.0]",0.0088,Jatibarang,28.062,82.458,12.0,0.319,2.533,5.075,72,Gadu,OPENMETEO_API,48,45.042,1.407,61.104
BLA029,IMG_0594.jpg,blast,1,blast\IMG_0594.jpg,C:\ML\bigdata\Penyakit_Daun_Padi_Indonesia\blast\IMG_0594.jpg,41.7,.jpg,b700a9c5675eb4d7,train,224,224,True,Otsu,True,"[0.0, 1.0]",0.0014,Indramayu,28.618,79.361,6.4,0.375,2.533,6.551,72,Gadu,OPENMETEO_API,48,45.042,1.407,61.104
BLA030,IMG_0599.jpg,blast,1,blast\IMG_0599.jpg,C:\ML\bigdata\Penyakit_Daun_Padi_Indonesia\blast\IMG_0599.jpg,43.5,.jpg,2a41f9f19b37232e,test,224,224,True,Otsu,True,"[0.0, 1.0]",0.0017,Indramayu,28.618,79.361,6.4,0.375,2.533,6.551,72,Gadu,OPENMETEO_API,48,45.042,1.407,61.104
BLA031,IMG_0602.jpg,blast,1,blast\IMG_0602.jpg,C:\ML\bigdata\Penyakit_Daun_Padi_Indonesia\blast\IMG_0602.jpg,59.4,.jpg,34e0493456d87452,val,224,224,True,Otsu,True,"[0.0, 1.0]",0.0041,Indramayu,28.618,79.361,6.4,0.375,2.533,6.551,72,Gadu,OPENMETEO_API,48,45.042,1.407,61.104
BLA032,IMG_0603.jpg,blast,1,blast\IMG_0603.jpg,C:\ML\bigdata\Penyakit_Daun_Padi_Indonesia\blast\IMG_0603.jpg,43.1,.jpg,46e953781b92588f,train,224,224,True,Otsu,True,"[0.0, 1.0]",0.0016,Haurgeulis,28.297,82.444,11.0,0.319,2.533,5.251,72,Gadu,OPENMETEO_API,48,45.042,1.407,61.104
BLA033,IMG_0604.jpg,blast,1,blast\IMG_0604.jpg,C:\ML\bigdata\Penyakit_Daun_Padi_Indonesia\blast\IMG_0604.jpg,40.7,.jpg,f6161076dd01e920,train,224,224,True,Otsu,True,"[0.0, 1.0]",0.0012,Haurgeulis,28.297,82.444,11.0,0.319,2.533,5.251,72,Gadu,OPENMETEO_API,48,45.042,1.407,61.104
BLA034,IMG_0605.jpg,blast,1,blast\IMG_0605.jpg,C:\ML\bigdata\Penyakit_Daun_Padi_Indonesia\blast\IMG_0605.jpg,44.4,.jpg,650249da1aabe7e9,train,224,224,True,Otsu,True,"[0.0, 1.0]",0.0018,Indramayu,28.618,79.361,6.4,0.375,2.533,6.551,72,Gadu,OPENMETEO_API,48,45.042,1.407,61.104
BLA035,IMG_0607.jpg,blast,1,blast\IMG_0607.jpg,C:\ML\bigdata\Penyakit_Daun_Padi_Indonesia\blast\IMG_0607.jpg,34.9,.jpg,0cbd9707d031a01b,test,224,224,True,Otsu,True,"[0.0, 1.0]",0.0004,Kandanghaur,28.485,82.75,18.0,0.314,2.533,4.613,72,Gadu,OPENMETEO_API,48,45.042,1.407,61.104
BLA036,IMG_0611.jpg,blast,1,blast\IMG_0611.jpg,C:\ML\bigdata\Penyakit_Daun_Padi_Indonesia\blast\IMG_0611.jpg,40.2,.jpg,6632d46be1655b91,val,224,224,True,Otsu,True,"[0.0, 1.0]",0.0012,Patrol,28.289,82.736,13.3,0.314,2.533,6.528,72,Gadu,OPENMETEO_API,48,45.042,1.407,61.104
BLA037,IMG_0612.jpg,blast,1,blast\IMG_0612.jpg,C:\ML\bigdata\Penyakit_Daun_Padi_Indonesia\blast\IMG_0612.jpg,68.0,.jpg,a1f4e4b39cee9dbd,train,224,224,True,Otsu,True,"[0.0, 1.0]",0.0054,Haurgeulis,28.297,82.444,11.0,0.319,2.533,5.251,72,Gadu,OPENMETEO_API,48,45.042,1.407,61.104
BLA038,IMG_0613.jpg,blast,1,blast\IMG_0613.jpg,C:\ML\bigdata\Penyakit_Daun_Padi_Indonesia\blast\IMG_0613.jpg,43.7,.jpg,e3c88a620030f373,train,224,224,True,Otsu,True,"[0.0, 1.0]",0.0017,Kandanghaur,28.485,82.75,18.0,0.314,2.533,4.613,72,Gadu,OPENMETEO_API,48,45.042,1.407,61.104
BLA039,IMG_0622.jpg,blast,1,blast\IMG_0622.jpg,C:\ML\bigdata\Penyakit_Daun_Padi_Indonesia\blast\IMG_0622.jpg,52.3,.jpg,d49ef3ba6e3a2d54,train,224,224,True,Otsu,True,"[0.0, 1.0]",0.003,Kandanghaur,28.485,82.75,18.0,0.314,2.533,4.613,72,Gadu,OPENMETEO_API,48,45.042,1.407,61.104
BLA040,IMG_0628.jpg,blast,1,blast\IMG_0628.jpg,C:\ML\bigdata\Penyakit_Daun_Padi_Indonesia\blast\IMG_0628.jpg,47.3,.jpg,4f8282aa1199910f,train,224,224,True,Otsu,True,"[0.0, 1.0]",0.0023,Patrol,28.289,82.736,13.3,0.314,2.533,6.528,72,Gadu,OPENMETEO_API,48,45.042,1.407,61.104
BLA041,IMG_0630.jpg,blast,1,blast\IMG_0630.jpg,C:\ML\bigdata\Penyakit_Daun_Padi_Indonesia\blast\IMG_0630.jpg,55.8,.jpg,a467f972de924f29,train,224,224,True,Otsu,True,"[0.0, 1.0]",0.0035,Indramayu,28.618,79.361,6.4,0.375,2.533,6.551,72,Gadu,OPENMETEO_API,48,45.042,1.407,61.104
BLA042,IMG_0632.jpg,blast,1,blast\IMG_0632.jpg,C:\ML\bigdata\Penyakit_Daun_Padi_Indonesia\blast\IMG_0632.jpg,64.6,.jpg,4e65672be888bbd5,train,224,224,True,Otsu,True,"[0.0, 1.0]",0.0049,Kandanghaur,28.485,82.75,18.0,0.314,2.533,4.613,72,Gadu,OPENMETEO_API,48,45.042,1.407,61.104
BLA043,IMG_0633.jpg,blast,1,blast\IMG_0633.jpg,C:\ML\bigdata\Penyakit_Daun_Padi_Indonesia\blast\IMG_0633.jpg,52.4,.jpg,ff74b27e3fe63252,train,224,224,True,Otsu,True,"[0.0, 1.0]",0.003,Kandanghaur,28.485,82.75,18.0,0.314,2.533,4.613,72,Gadu,OPENMETEO_API,48,45.042,1.407,61.104
BLA044,IMG_0635.jpg,blast,1,blast\IMG_0635.jpg,C:\ML\bigdata\Penyakit_Daun_Padi_Indonesia\blast\IMG_0635.jpg,37.7,.jpg,014076f2e157e2f1,train,224,224,True,Otsu,True,"[0.0, 1.0]",0.0008,Kandanghaur,28.485,82.75,18.0,0.314,2.533,4.613,72,Gadu,OPENMETEO_API,48,45.042,1.407,61.104
BLA045,IMG_0636.jpg,blast,1,blast\IMG_0636.jpg,C:\ML\bigdata\Penyakit_Daun_Padi_Indonesia\blast\IMG_0636.jpg,63.3,.jpg,019d0f06f774b411,train,224,224,True,Otsu,True,"[0.0, 1.0]",0.0047,Indramayu,28.618,79.361,6.4,0.375,2.533,6.551,72,Gadu,OPENMETEO_API,48,45.042,1.407,61.104
BLA046,IMG_0640.jpg,blast,1,blast\IMG_0640.jpg,C:\ML\bigdata\Penyakit_Daun_Padi_Indonesia\blast\IMG_0640.jpg,71.7,.jpg,9b11a11f9ba53ba0,train,224,224,True,Otsu,True,"[0.0, 1.0]",0.006,Indramayu,28.618,79.361,6.4,0.375,2.533,6.551,72,Gadu,OPENMETEO_API,48,45.042,1.407,61.104
BLA047,IMG_0641.jpg,blast,1,blast\IMG_0641.jpg,C:\ML\bigdata\Penyakit_Daun_Padi_Indonesia\blast\IMG_0641.jpg,74.1,.jpg,c168db2ab6e3faa4,train,224,224,True,Otsu,True,"[0.0, 1.0]",0.0063,Haurgeulis,28.297,82.444,11.0,0.319,2.533,5.251,72,Gadu,OPENMETEO_API,48,45.042,1.407,61.104
BLA048,IMG_0647.jpg,blast,1,blast\IMG_0647.jpg,C:\ML\bigdata\Penyakit_Daun_Padi_Indonesia\blast\IMG_0647.jpg,73.0,.jpg,6b016b76f371da8f,test,224,224,True,Otsu,True,"[0.0, 1.0]",0.0062,Haurgeulis,28.297,82.444,11.0,0.319,2.533,5.251,72,Gadu,OPENMETEO_API,48,45.042,1.407,61.104
BLA049,IMG_0648.jpg,blast,1,blast\IMG_0648.jpg,C:\ML\bigdata\Penyakit_Daun_Padi_Indonesia\blast\IMG_0648.jpg,64.9,.jpg,77f149e6fb43fbca,val,224,224,True,Otsu,True,"[0.0, 1.0]",0.0049,Kandanghaur,28.485,82.75,18.0,0.314,2.533,4.613,72,Gadu,OPENMETEO_API,48,45.042,1.407,61.104
BLA050,IMG_0649.jpg,blast,1,blast\IMG_0649.jpg,C:\ML\bigdata\Penyakit_Daun_Padi_Indonesia\blast\IMG_0649.jpg,60.6,.jpg,79a71f76504f4862,val,224,224,True,Otsu,True,"[0.0, 1.0]",0.0043,Indramayu,28.618,79.361,6.4,0.375,2.533,6.551,72,Gadu,OPENMETEO_API,48,45.042,1.407,61.104
BLA051,IMG_0650.jpg,blast,1,blast\IMG_0650.jpg,C:\ML\bigdata\Penyakit_Daun_Padi_Indonesia\blast\IMG_0650.jpg,78.9,.jpg,cc9d2b9e8a5949db,train,224,224,True,Otsu,True,"[0.0, 1.0]",0.0071,Indramayu,28.618,79.361,6.4,0.375,2.533,6.551,72,Gadu,OPENMETEO_API,48,45.042,1.407,61.104
BLA052,IMG_0651.jpg,blast,1,blast\IMG_0651.jpg,C:\ML\bigdata\Penyakit_Daun_Padi_Indonesia\blast\IMG_0651.jpg,76.6,.jpg,02269a71fd54b904,train,224,224,True,Otsu,True,"[0.0, 1.0]",0.0067,Patrol,28.289,82.736,13.3,0.314,2.533,6.528,72,Gadu,OPENMETEO_API,48,45.042,1.407,61.104
BLA053,IMG_0652.jpg,blast,1,blast\IMG_0652.jpg,C:\ML\bigdata\Penyakit_Daun_Padi_Indonesia\blast\IMG_0652.jpg,81.8,.jpg,d16b063d93be0bb5,val,224,224,True,Otsu,True,"[0.0, 1.0]",0.0075,Kandanghaur,28.485,82.75,18.0,0.314,2.533,4.613,72,Gadu,OPENMETEO_API,48,45.042,1.407,61.104
BLA054,IMG_0654.jpg,blast,1,blast\IMG_0654.jpg,C:\ML\bigdata\Penyakit_Daun_Padi_Indonesia\blast\IMG_0654.jpg,94.8,.jpg,d5cf4f6138a82294,test,224,224,True,Otsu,True,"[0.0, 1.0]",0.0095,Haurgeulis,28.297,82.444,11.0,0.319,2.533,5.251,72,Gadu,OPENMETEO_API,48,45.042,1.407,61.104
BLA055,IMG_0656.jpg,blast,1,blast\IMG_0656.jpg,C:\ML\bigdata\Penyakit_Daun_Padi_Indonesia\blast\IMG_0656.jpg,95.4,.jpg,d98656520f6ec18f,train,224,224,True,Otsu,True,"[0.0, 1.0]",0.0096,Patrol,28.289,82.736,13.3,0.314,2.533,6.528,72,Gadu,OPENMETEO_API,48,45.042,1.407,61.104
BLA056,IMG_0674.jpg,blast,1,blast\IMG_0674.jpg,C:\ML\bigdata\Penyakit_Daun_Padi_Indonesia\blast\IMG_0674.jpg,65.8,.jpg,0a173758e9b3cf30,train,224,224,True,Otsu,True,"[0.0, 1.0]",0.0051,Indramayu,28.618,79.361,6.4,0.375,2.533,6.551,72,Gadu,OPENMETEO_API,48,45.042,1.407,61.104
BLA057,IMG_0675.jpg,blast,1,blast\IMG_0675.jpg,C:\ML\bigdata\Penyakit_Daun_Padi_Indonesia\blast\IMG_0675.jpg,50.7,.jpg,ac67245913f7f878,train,224,224,True,Otsu,True,"[0.0, 1.0]",0.0028,Haurgeulis,28.297,82.444,11.0,0.319,2.533,5.251,72,Gadu,OPENMETEO_API,48,45.042,1.407,61.104
BLA058,IMG_0678.jpg,blast,1,blast\IMG_0678.jpg,C:\ML\bigdata\Penyakit_Daun_Padi_Indonesia\blast\IMG_0678.jpg,47.1,.jpg,62baed822c84a178,train,224,224,True,Otsu,True,"[0.0, 1.0]",0.0022,Kandanghaur,28.485,82.75,18.0,0.314,2.533,4.613,72,Gadu,OPENMETEO_API,48,45.042,1.407,61.104
BLA059,IMG_0680.jpg,blast,1,blast\IMG_0680.jpg,C:\ML\bigdata\Penyakit_Daun_Padi_Indonesia\blast\IMG_0680.jpg,62.2,.jpg,dd354a932c7acd37,train,224,224,True,Otsu,True,"[0.0, 1.0]",0.0045,Indramayu,28.618,79.361,6.4,0.375,2.533,6.551,72,Gadu,OPENMETEO_API,48,45.042,1.407,61.104
BLA060,IMG_0681.jpg,blast,1,blast\IMG_0681.jpg,C:\ML\bigdata\Penyakit_Daun_Padi_Indonesia\blast\IMG_0681.jpg,69.3,.jpg,ce35e7d578bfb64b,train,224,224,True,Otsu,True,"[0.0, 1.0]",0.0056,Kandanghaur,28.485,82.75,18.0,0.314,2.533,4.613,72,Gadu,OPENMETEO_API,48,45.042,1.407,61.104
BLA061,IMG_0682.jpg,blast,1,blast\IMG_0682.jpg,C:\ML\bigdata\Penyakit_Daun_Padi_Indonesia\blast\IMG_0682.jpg,64.7,.jpg,8f21570b8f250166,train,224,224,True,Otsu,True,"[0.0, 1.0]",0.0049,Patrol,28.289,82.736,13.3,0.314,2.533,6.528,72,Gadu,OPENMETEO_API,48,45.042,1.407,61.104
BLA062,IMG_0684.jpg,blast,1,blast\IMG_0684.jpg,C:\ML\bigdata\Penyakit_Daun_Padi_Indonesia\blast\IMG_0684.jpg,63.9,.jpg,038fe846dc1f0424,train,224,224,True,Otsu,True,"[0.0, 1.0]",0.0048,Patrol,28.289,82.736,13.3,0.314,2.533,6.528,72,Gadu,OPENMETEO_API,48,45.042,1.407,61.104
BLA063,IMG_0687.jpg,blast,1,blast\IMG_0687.jpg,C:\ML\bigdata\Penyakit_Daun_Padi_Indonesia\blast\IMG_0687.jpg,32.5,.jpg,c221c832d9145b08,train,224,224,True,Otsu,True,"[0.0, 1.0]",0.0,Patrol,28.289,82.736,13.3,0.314,2.533,6.528,72,Gadu,OPENMETEO_API,48,45.042,1.407,61.104
BLA064,IMG_0691.jpg,blast,1,blast\IMG_0691.jpg,C:\ML\bigdata\Penyakit_Daun_Padi_Indonesia\blast\IMG_0691.jpg,40.5,.jpg,dce2b3762c351a8b,val,224,224,True,Otsu,True,"[0.0, 1.0]",0.0012,Jatibarang,28.062,82.458,12.0,0.319,2.533,5.075,72,Gadu,OPENMETEO_API,48,45.042,1.407,61.104
BLA065,IMG_0692.jpg,blast,1,blast\IMG_0692.jpg,C:\ML\bigdata\Penyakit_Daun_Padi_Indonesia\blast\IMG_0692.jpg,48.1,.jpg,e3c142713b6f5ed6,train,224,224,True,Otsu,True,"[0.0, 1.0]",0.0024,Kandanghaur,28.485,82.75,18.0,0.314,2.533,4.613,72,Gadu,OPENMETEO_API,48,45.042,1.407,61.104
BLA066,IMG_0694.jpg,blast,1,blast\IMG_0694.jpg,C:\ML\bigdata\Penyakit_Daun_Padi_Indonesia\blast\IMG_0694.jpg,37.2,.jpg,5c8b7c2dfefc42a5,train,224,224,True,Otsu,True,"[0.0, 1.0]",0.0007,Patrol,28.289,82.736,13.3,0.314,2.533,6.528,72,Gadu,OPENMETEO_API,48,45.042,1.407,61.104
BLA067,IMG_0695.jpg,blast,1,blast\IMG_0695.jpg,C:\ML\bigdata\Penyakit_Daun_Padi_Indonesia\blast\IMG_0695.jpg,37.7,.jpg,bd49e07bea0e3725,train,224,224,True,Otsu,True,"[0.0, 1.0]",0.0008,Patrol,28.289,82.736,13.3,0.314,2.533,6.528,72,Gadu,OPENMETEO_API,48,45.042,1.407,61.104
BLA068,IMG_0698.jpg,blast,1,blast\IMG_0698.jpg,C:\ML\bigdata\Penyakit_Daun_Padi_Indonesia\blast\IMG_0698.jpg,61.4,.jpg,dea76331713b3555,train,224,224,True,Otsu,True,"[0.0, 1.0]",0.0044,Kandanghaur,28.485,82.75,18.0,0.314,2.533,4.613,72,Gadu,OPENMETEO_API,48,45.042,1.407,61.104
BLA069,IMG_0701.jpg,blast,1,blast\IMG_0701.jpg,C:\ML\bigdata\Penyakit_Daun_Padi_Indonesia\blast\IMG_0701.jpg,48.8,.jpg,6d204584d0dd80cb,train,224,224,True,Otsu,True,"[0.0, 1.0]",0.0025,Patrol,28.289,82.736,13.3,0.314,2.533,6.528,72,Gadu,OPENMETEO_API,48,45.042,1.407,61.104
BLA070,IMG_0704.jpg,blast,1,blast\IMG_0704.jpg,C:\ML\bigdata\Penyakit_Daun_Padi_Indonesia\blast\IMG_0704.jpg,60.7,.jpg,2b94da2ffab421c6,train,224,224,True,Otsu,True,"[0.0, 1.0]",0.0043,Kandanghaur,28.485,82.75,18.0,0.314,2.533,4.613,72,Gadu,OPENMETEO_API,48,45.042,1.407,61.104
BLA071,IMG_0705.jpg,blast,1,blast\IMG_0705.jpg,C:\ML\bigdata\Penyakit_Daun_Padi_Indonesia\blast\IMG_0705.jpg,67.2,.jpg,43a9cbaf69751d0c,test,224,224,True,Otsu,True,"[0.0, 1.0]",0.0053,Indramayu,28.618,79.361,6.4,0.375,2.533,6.551,72,Gadu,OPENMETEO_API,48,45.042,1.407,61.104
BLA072,IMG_0707.jpg,blast,1,blast\IMG_0707.jpg,C:\ML\bigdata\Penyakit_Daun_Padi_Indonesia\blast\IMG_0707.jpg,40.0,.jpg,438ade19679ec9b4,train,224,224,True,Otsu,True,"[0.0, 1.0]",0.0011,Kandanghaur,28.485,82.75,18.0,0.314,2.533,4.613,72,Gadu,OPENMETEO_API,48,45.042,1.407,61.104
BLA073,IMG_0708.jpg,blast,1,blast\IMG_0708.jpg,C:\ML\bigdata\Penyakit_Daun_Padi_Indonesia\blast\IMG_0708.jpg,50.1,.jpg,8c5ee086d09be075,train,224,224,True,Otsu,True,"[0.0, 1.0]",0.0027,Kandanghaur,28.485,82.75,18.0,0.314,2.533,4.613,72,Gadu,OPENMETEO_API,48,45.042,1.407,61.104
BLA074,IMG_0711.jpg,blast,1,blast\IMG_0711.jpg,C:\ML\bigdata\Penyakit_Daun_Padi_Indonesia\blast\IMG_0711.jpg,38.8,.jpg,b84a65c4fb0117f5,train,224,224,True,Otsu,True,"[0.0, 1.0]",0.001,Jatibarang,28.062,82.458,12.0,0.319,2.533,5.075,72,Gadu,OPENMETEO_API,48,45.042,1.407,61.104
BLA075,IMG_0713.jpg,blast,1,blast\IMG_0713.jpg,C:\ML\bigdata\Penyakit_Daun_Padi_Indonesia\blast\IMG_0713.jpg,47.4,.jpg,50b4f42005684b7c,train,224,224,True,Otsu,True,"[0.0, 1.0]",0.0023,Indramayu,28.618,79.361,6.4,0.375,2.533,6.551,72,Gadu,OPENMETEO_API,48,45.042,1.407,61.104
BLA076,IMG_0716.jpg,blast,1,blast\IMG_0716.jpg,C:\ML\bigdata\Penyakit_Daun_Padi_Indonesia\blast\IMG_0716.jpg,58.0,.jpg,5fac7bf112d9e26a,train,224,224,True,Otsu,True,"[0.0, 1.0]",0.0039,Jatibarang,28.062,82.458,12.0,0.319,2.533,5.075,72,Gadu,OPENMETEO_API,48,45.042,1.407,61.104
BLA077,IMG_0717.jpg,blast,1,blast\IMG_0717.jpg,C:\ML\bigdata\Penyakit_Daun_Padi_Indonesia\blast\IMG_0717.jpg,64.1,.jpg,b4d671e9e0d2053a,train,224,224,True,Otsu,True,"[0.0, 1.0]",0.0048,Patrol,28.289,82.736,13.3,0.314,2.533,6.528,72,Gadu,OPENMETEO_API,48,45.042,1.407,61.104
BLA078,IMG_0718.jpg,blast,1,blast\IMG_0718.jpg,C:\ML\bigdata\Penyakit_Daun_Padi_Indonesia\blast\IMG_0718.jpg,56.4,.jpg,25abb7a58bc08c70,train,224,224,True,Otsu,True,"[0.0, 1.0]",0.0036,Kandanghaur,28.485,82.75,18.0,0.314,2.533,4.613,72,Gadu,OPENMETEO_API,48,45.042,1.407,61.104
BLA079,IMG_0720.jpg,blast,1,blast\IMG_0720.jpg,C:\ML\bigdata\Penyakit_Daun_Padi_Indonesia\blast\IMG_0720.jpg,36.1,.jpg,8084347b53f0912e,train,224,224,True,Otsu,True,"[0.0, 1.0]",0.0005,Indramayu,28.618,79.361,6.4,0.375,2.533,6.551,72,Gadu,OPENMETEO_API,48,45.042,1.407,61.104
BLA080,IMG_0722.jpg,blast,1,blast\IMG_0722.jpg,C:\ML\bigdata\Penyakit_Daun_Padi_Indonesia\blast\IMG_0722.jpg,37.9,.jpg,d1427e6084bcda4b,train,224,224,True,Otsu,True,"[0.0, 1.0]",0.0008,Jatibarang,28.062,82.458,12.0,0.319,2.533,5.075,72,Gadu,OPENMETEO_API,48,45.042,1.407,61.104
BLI001,IMG_0834.jpg,blight,2,blight\IMG_0834.jpg,C:\ML\bigdata\Penyakit_Daun_Padi_Indonesia\blight\IMG_0834.jpg,53.9,.jpg,4927a8b97cbe5ed0,train,224,224,True,Otsu,True,"[0.0, 1.0]",0.0033,Kandanghaur,28.485,82.75,18.0,0.314,2.533,4.613,72,Gadu,OPENMETEO_API,33,24.818,1.455,40.212
BLI002,IMG_0936.jpg,blight,2,blight\IMG_0936.jpg,C:\ML\bigdata\Penyakit_Daun_Padi_Indonesia\blight\IMG_0936.jpg,103.0,.jpg,de1b0d153a4c1a11,train,224,224,True,Otsu,True,"[0.0, 1.0]",0.0107,Haurgeulis,28.297,82.444,11.0,0.319,2.533,5.251,72,Gadu,OPENMETEO_API,33,24.818,1.455,40.212
BLI003,IMG_0937.jpg,blight,2,blight\IMG_0937.jpg,C:\ML\bigdata\Penyakit_Daun_Padi_Indonesia\blight\IMG_0937.jpg,125.2,.jpg,51850ce5ec1b625e,train,224,224,True,Otsu,True,"[0.0, 1.0]",0.0141,Jatibarang,28.062,82.458,12.0,0.319,2.533,5.075,72,Gadu,OPENMETEO_API,33,24.818,1.455,40.212
BLI004,IMG_0938.jpg,blight,2,blight\IMG_0938.jpg,C:\ML\bigdata\Penyakit_Daun_Padi_Indonesia\blight\IMG_0938.jpg,113.6,.jpg,723e08fb98ad9045,test,224,224,True,Otsu,True,"[0.0, 1.0]",0.0123,Indramayu,28.618,79.361,6.4,0.375,2.533,6.551,72,Gadu,OPENMETEO_API,33,24.818,1.455,40.212
BLI005,IMG_0939.jpg,blight,2,blight\IMG_0939.jpg,C:\ML\bigdata\Penyakit_Daun_Padi_Indonesia\blight\IMG_0939.jpg,94.3,.jpg,c899993f4585b805,val,224,224,True,Otsu,True,"[0.0, 1.0]",0.0094,Jatibarang,28.062,82.458,12.0,0.319,2.533,5.075,72,Gadu,OPENMETEO_API,33,24.818,1.455,40.212
BLI006,IMG_0941.jpg,blight,2,blight\IMG_0941.jpg,C:\ML\bigdata\Penyakit_Daun_Padi_Indonesia\blight\IMG_0941.jpg,91.9,.jpg,a1f1db4f705dbfd8,train,224,224,True,Otsu,True,"[0.0, 1.0]",0.009,Jatibarang,28.062,82.458,12.0,0.319,2.533,5.075,72,Gadu,OPENMETEO_API,33,24.818,1.455,40.212
BLI007,IMG_0943.jpg,blight,2,blight\IMG_0943.jpg,C:\ML\bigdata\Penyakit_Daun_Padi_Indonesia\blight\IMG_0943.jpg,146.7,.jpg,894fb91aeed8e1a0,train,224,224,True,Otsu,True,"[0.0, 1.0]",0.0174,Jatibarang,28.062,82.458,12.0,0.319,2.533,5.075,72,Gadu,OPENMETEO_API,33,24.818,1.455,40.212
BLI008,IMG_0944.jpg,blight,2,blight\IMG_0944.jpg,C:\ML\bigdata\Penyakit_Daun_Padi_Indonesia\blight\IMG_0944.jpg,172.3,.jpg,8a81cb32eb67b15c,train,224,224,True,Otsu,True,"[0.0, 1.0]",0.0213,Patrol,28.289,82.736,13.3,0.314,2.533,6.528,72,Gadu,OPENMETEO_API,33,24.818,1.455,40.212
BLI009,IMG_0946.jpg,blight,2,blight\IMG_0946.jpg,C:\ML\bigdata\Penyakit_Daun_Padi_Indonesia\blight\IMG_0946.jpg,90.6,.jpg,cd843f8449bd420e,train,224,224,True,Otsu,True,"[0.0, 1.0]",0.0088,Haurgeulis,28.297,82.444,11.0,0.319,2.533,5.251,72,Gadu,OPENMETEO_API,33,24.818,1.455,40.212
BLI010,IMG_0947.jpg,blight,2,blight\IMG_0947.jpg,C:\ML\bigdata\Penyakit_Daun_Padi_Indonesia\blight\IMG_0947.jpg,135.1,.jpg,9b299fc0878fce8d,train,224,224,True,Otsu,True,"[0.0, 1.0]",0.0156,Indramayu,28.618,79.361,6.4,0.375,2.533,6.551,72,Gadu,OPENMETEO_API,33,24.818,1.455,40.212
BLI011,IMG_0948.jpg,blight,2,blight\IMG_0948.jpg,C:\ML\bigdata\Penyakit_Daun_Padi_Indonesia\blight\IMG_0948.jpg,93.4,.jpg,f4bd7679f2f89b6b,test,224,224,True,Otsu,True,"[0.0, 1.0]",0.0093,Indramayu,28.618,79.361,6.4,0.375,2.533,6.551,72,Gadu,OPENMETEO_API,33,24.818,1.455,40.212
BLI012,IMG_0949.jpg,blight,2,blight\IMG_0949.jpg,C:\ML\bigdata\Penyakit_Daun_Padi_Indonesia\blight\IMG_0949.jpg,128.5,.jpg,1e0d316aa7365c35,train,224,224,True,Otsu,True,"[0.0, 1.0]",0.0146,Indramayu,28.618,79.361,6.4,0.375,2.533,6.551,72,Gadu,OPENMETEO_API,33,24.818,1.455,40.212
BLI013,IMG_0950.jpg,blight,2,blight\IMG_0950.jpg,C:\ML\bigdata\Penyakit_Daun_Padi_Indonesia\blight\IMG_0950.jpg,147.4,.jpg,b9bc19264ae72523,train,224,224,True,Otsu,True,"[0.0, 1.0]",0.0175,Kandanghaur,28.485,82.75,18.0,0.314,2.533,4.613,72,Gadu,OPENMETEO_API,33,24.818,1.455,40.212
BLI014,IMG_0952.jpg,blight,2,blight\IMG_0952.jpg,C:\ML\bigdata\Penyakit_Daun_Padi_Indonesia\blight\IMG_0952.jpg,132.7,.jpg,e3dcf67431e61cea,train,224,224,True,Otsu,True,"[0.0, 1.0]",0.0153,Indramayu,28.618,79.361,6.4,0.375,2.533,6.551,72,Gadu,OPENMETEO_API,33,24.818,1.455,40.212
BLI015,IMG_0956.jpg,blight,2,blight\IMG_0956.jpg,C:\ML\bigdata\Penyakit_Daun_Padi_Indonesia\blight\IMG_0956.jpg,146.4,.jpg,e38caafefcf51f67,val,224,224,True,Otsu,True,"[0.0, 1.0]",0.0173,Indramayu,28.618,79.361,6.4,0.375,2.533,6.551,72,Gadu,OPENMETEO_API,33,24.818,1.455,40.212
BLI016,IMG_0959.jpg,blight,2,blight\IMG_0959.jpg,C:\ML\bigdata\Penyakit_Daun_Padi_Indonesia\blight\IMG_0959.jpg,118.2,.jpg,2470e49520a65aef,train,224,224,True,Otsu,True,"[0.0, 1.0]",0.013,Haurgeulis,28.297,82.444,11.0,0.319,2.533,5.251,72,Gadu,OPENMETEO_API,33,24.818,1.455,40.212
BLI017,IMG_0962.jpg,blight,2,blight\IMG_0962.jpg,C:\ML\bigdata\Penyakit_Daun_Padi_Indonesia\blight\IMG_0962.jpg,220.0,.jpg,e8dbd7bc363237d6,train,224,224,True,Otsu,True,"[0.0, 1.0]",0.0285,Kandanghaur,28.485,82.75,18.0,0.314,2.533,4.613,72,Gadu,OPENMETEO_API,33,24.818,1.455,40.212
BLI018,IMG_0964.jpg,blight,2,blight\IMG_0964.jpg,C:\ML\bigdata\Penyakit_Daun_Padi_Indonesia\blight\IMG_0964.jpg,212.2,.jpg,5f1583556c7ae7f3,train,224,224,True,Otsu,True,"[0.0, 1.0]",0.0274,Kandanghaur,28.485,82.75,18.0,0.314,2.533,4.613,72,Gadu,OPENMETEO_API,33,24.818,1.455,40.212
BLI019,IMG_0965.jpg,blight,2,blight\IMG_0965.jpg,C:\ML\bigdata\Penyakit_Daun_Padi_Indonesia\blight\IMG_0965.jpg,225.4,.jpg,64af57883a361c1d,train,224,224,True,Otsu,True,"[0.0, 1.0]",0.0294,Jatibarang,28.062,82.458,12.0,0.319,2.533,5.075,72,Gadu,OPENMETEO_API,33,24.818,1.455,40.212
BLI020,IMG_0966.jpg,blight,2,blight\IMG_0966.jpg,C:\ML\bigdata\Penyakit_Daun_Padi_Indonesia\blight\IMG_0966.jpg,157.2,.jpg,d80816dd3a74406b,train,224,224,True,Otsu,True,"[0.0, 1.0]",0.019,Patrol,28.289,82.736,13.3,0.314,2.533,6.528,72,Gadu,OPENMETEO_API,33,24.818,1.455,40.212
BLI021,IMG_0971.jpg,blight,2,blight\IMG_0971.jpg,C:\ML\bigdata\Penyakit_Daun_Padi_Indonesia\blight\IMG_0971.jpg,135.6,.jpg,84ab72901e48c2a2,train,224,224,True,Otsu,True,"[0.0, 1.0]",0.0157,Kandanghaur,28.485,82.75,18.0,0.314,2.533,4.613,72,Gadu,OPENMETEO_API,33,24.818,1.455,40.212
BLI022,IMG_0972.jpg,blight,2,blight\IMG_0972.jpg,C:\ML\bigdata\Penyakit_Daun_Padi_Indonesia\blight\IMG_0972.jpg,102.5,.jpg,7d1f8e1d63f3b14c,train,224,224,True,Otsu,True,"[0.0, 1.0]",0.0107,Kandanghaur,28.485,82.75,18.0,0.314,2.533,4.613,72,Gadu,OPENMETEO_API,33,24.818,1.455,40.212
BLI023,IMG_0973.jpg,blight,2,blight\IMG_0973.jpg,C:\ML\bigdata\Penyakit_Daun_Padi_Indonesia\blight\IMG_0973.jpg,122.6,.jpg,807c73bd1c9fb93b,test,224,224,True,Otsu,True,"[0.0, 1.0]",0.0137,Haurgeulis,28.297,82.444,11.0,0.319,2.533,5.251,72,Gadu,OPENMETEO_API,33,24.818,1.455,40.212
BLI024,IMG_0976.jpg,blight,2,blight\IMG_0976.jpg,C:\ML\bigdata\Penyakit_Daun_Padi_Indonesia\blight\IMG_0976.jpg,211.7,.jpg,557d826320dfa419,train,224,224,True,Otsu,True,"[0.0, 1.0]",0.0273,Indramayu,28.618,79.361,6.4,0.375,2.533,6.551,72,Gadu,OPENMETEO_API,33,24.818,1.455,40.212
BLI025,IMG_0979.jpg,blight,2,blight\IMG_0979.jpg,C:\ML\bigdata\Penyakit_Daun_Padi_Indonesia\blight\IMG_0979.jpg,96.9,.jpg,8c42c664e9c54bdd,train,224,224,True,Otsu,True,"[0.0, 1.0]",0.0098,Kandanghaur,28.485,82.75,18.0,0.314,2.533,4.613,72,Gadu,OPENMETEO_API,33,24.818,1.455,40.212
BLI026,IMG_0982.jpg,blight,2,blight\IMG_0982.jpg,C:\ML\bigdata\Penyakit_Daun_Padi_Indonesia\blight\IMG_0982.jpg,97.8,.jpg,52c5b6f1f01b15d4,train,224,224,True,Otsu,True,"[0.0, 1.0]",0.0099,Kandanghaur,28.485,82.75,18.0,0.314,2.533,4.613,72,Gadu,OPENMETEO_API,33,24.818,1.455,40.212
BLI027,IMG_0983.jpg,blight,2,blight\IMG_0983.jpg,C:\ML\bigdata\Penyakit_Daun_Padi_Indonesia\blight\IMG_0983.jpg,133.8,.jpg,66ff1750c7082a01,val,224,224,True,Otsu,True,"[0.0, 1.0]",0.0154,Patrol,28.289,82.736,13.3,0.314,2.533,6.528,72,Gadu,OPENMETEO_API,33,24.818,1.455,40.212
BLI028,IMG_0984.jpg,blight,2,blight\IMG_0984.jpg,C:\ML\bigdata\Penyakit_Daun_Padi_Indonesia\blight\IMG_0984.jpg,126.6,.jpg,f6f97e92a89ff79c,train,224,224,True,Otsu,True,"[0.0, 1.0]",0.0143,Haurgeulis,28.297,82.444,11.0,0.319,2.533,5.251,72,Gadu,OPENMETEO_API,33,24.818,1.455,40.212
BLI029,IMG_0985.jpg,blight,2,blight\IMG_0985.jpg,C:\ML\bigdata\Penyakit_Daun_Padi_Indonesia\blight\IMG_0985.jpg,141.4,.jpg,9a0eaeb92043a555,train,224,224,True,Otsu,True,"[0.0, 1.0]",0.0166,Patrol,28.289,82.736,13.3,0.314,2.533,6.528,72,Gadu,OPENMETEO_API,33,24.818,1.455,40.212
BLI030,IMG_0986.jpg,blight,2,blight\IMG_0986.jpg,C:\ML\bigdata\Penyakit_Daun_Padi_Indonesia\blight\IMG_0986.jpg,143.6,.jpg,879e9eb6284ea762,train,224,224,True,Otsu,True,"[0.0, 1.0]",0.0169,Kandanghaur,28.485,82.75,18.0,0.314,2.533,4.613,72,Gadu,OPENMETEO_API,33,24.818,1.455,40.212
BLI031,IMG_0987.jpg,blight,2,blight\IMG_0987.jpg,C:\ML\bigdata\Penyakit_Daun_Padi_Indonesia\blight\IMG_0987.jpg,152.1,.jpg,9c20a6d36baa04c5,train,224,224,True,Otsu,True,"[0.0, 1.0]",0.0182,Kandanghaur,28.485,82.75,18.0,0.314,2.533,4.613,72,Gadu,OPENMETEO_API,33,24.818,1.455,40.212
BLI032,IMG_0990.jpg,blight,2,blight\IMG_0990.jpg,C:\ML\bigdata\Penyakit_Daun_Padi_Indonesia\blight\IMG_0990.jpg,132.4,.jpg,495e1d2fd7771f3f,train,224,224,True,Otsu,True,"[0.0, 1.0]",0.0152,Haurgeulis,28.297,82.444,11.0,0.319,2.533,5.251,72,Gadu,OPENMETEO_API,33,24.818,1.455,40.212
BLI033,IMG_0991.jpg,blight,2,blight\IMG_0991.jpg,C:\ML\bigdata\Penyakit_Daun_Padi_Indonesia\blight\IMG_0991.jpg,112.8,.jpg,0eb6ccd32e1d9327,train,224,224,True,Otsu,True,"[0.0, 1.0]",0.0122,Jatibarang,28.062,82.458,12.0,0.319,2.533,5.075,72,Gadu,OPENMETEO_API,33,24.818,1.455,40.212
BLI034,IMG_0992.jpg,blight,2,blight\IMG_0992.jpg,C:\ML\bigdata\Penyakit_Daun_Padi_Indonesia\blight\IMG_0992.jpg,109.6,.jpg,295f40b50ff7fa3e,test,224,224,True,Otsu,True,"[0.0, 1.0]",0.0117,Jatibarang,28.062,82.458,12.0,0.319,2.533,5.075,72,Gadu,OPENMETEO_API,33,24.818,1.455,40.212
BLI035,IMG_0993.jpg,blight,2,blight\IMG_0993.jpg,C:\ML\bigdata\Penyakit_Daun_Padi_Indonesia\blight\IMG_0993.jpg,99.8,.jpg,13b1fd9d7eba52a9,train,224,224,True,Otsu,True,"[0.0, 1.0]",0.0102,Kandanghaur,28.485,82.75,18.0,0.314,2.533,4.613,72,Gadu,OPENMETEO_API,33,24.818,1.455,40.212
BLI036,IMG_0998.jpg,blight,2,blight\IMG_0998.jpg,C:\ML\bigdata\Penyakit_Daun_Padi_Indonesia\blight\IMG_0998.jpg,129.5,.jpg,b8429053c1bf8657,val,224,224,True,Otsu,True,"[0.0, 1.0]",0.0148,Kandanghaur,28.485,82.75,18.0,0.314,2.533,4.613,72,Gadu,OPENMETEO_API,33,24.818,1.455,40.212
BLI037,IMG_0999.jpg,blight,2,blight\IMG_0999.jpg,C:\ML\bigdata\Penyakit_Daun_Padi_Indonesia\blight\IMG_0999.jpg,103.0,.jpg,7d8930fdcd5228a9,train,224,224,True,Otsu,True,"[0.0, 1.0]",0.0107,Patrol,28.289,82.736,13.3,0.314,2.533,6.528,72,Gadu,OPENMETEO_API,33,24.818,1.455,40.212
BLI038,IMG_1001.jpg,blight,2,blight\IMG_1001.jpg,C:\ML\bigdata\Penyakit_Daun_Padi_Indonesia\blight\IMG_1001.jpg,152.1,.jpg,c9d7d8680753a1dc,train,224,224,True,Otsu,True,"[0.0, 1.0]",0.0182,Patrol,28.289,82.736,13.3,0.314,2.533,6.528,72,Gadu,OPENMETEO_API,33,24.818,1.455,40.212
BLI039,IMG_1002.jpg,blight,2,blight\IMG_1002.jpg,C:\ML\bigdata\Penyakit_Daun_Padi_Indonesia\blight\IMG_1002.jpg,174.7,.jpg,0b4cf291bb2bfa83,test,224,224,True,Otsu,True,"[0.0, 1.0]",0.0216,Patrol,28.289,82.736,13.3,0.314,2.533,6.528,72,Gadu,OPENMETEO_API,33,24.818,1.455,40.212
BLI040,IMG_1003.jpg,blight,2,blight\IMG_1003.jpg,C:\ML\bigdata\Penyakit_Daun_Padi_Indonesia\blight\IMG_1003.jpg,153.7,.jpg,79ba1e24cb248b60,val,224,224,True,Otsu,True,"[0.0, 1.0]",0.0185,Indramayu,28.618,79.361,6.4,0.375,2.533,6.551,72,Gadu,OPENMETEO_API,33,24.818,1.455,40.212
BLI041,IMG_1004.jpg,blight,2,blight\IMG_1004.jpg,C:\ML\bigdata\Penyakit_Daun_Padi_Indonesia\blight\IMG_1004.jpg,169.5,.jpg,8cc507e07e22e1b9,test,224,224,True,Otsu,True,"[0.0, 1.0]",0.0209,Kandanghaur,28.485,82.75,18.0,0.314,2.533,4.613,72,Gadu,OPENMETEO_API,33,24.818,1.455,40.212
BLI042,IMG_1008.jpg,blight,2,blight\IMG_1008.jpg,C:\ML\bigdata\Penyakit_Daun_Padi_Indonesia\blight\IMG_1008.jpg,165.5,.jpg,8774c03bea5af915,test,224,224,True,Otsu,True,"[0.0, 1.0]",0.0202,Indramayu,28.618,79.361,6.4,0.375,2.533,6.551,72,Gadu,OPENMETEO_API,33,24.818,1.455,40.212
BLI043,IMG_1009.jpg,blight,2,blight\IMG_1009.jpg,C:\ML\bigdata\Penyakit_Daun_Padi_Indonesia\blight\IMG_1009.jpg,182.7,.jpg,4869208e16316be4,val,224,224,True,Otsu,True,"[0.0, 1.0]",0.0229,Jatibarang,28.062,82.458,12.0,0.319,2.533,5.075,72,Gadu,OPENMETEO_API,33,24.818,1.455,40.212
BLI044,IMG_1010.jpg,blight,2,blight\IMG_1010.jpg,C:\ML\bigdata\Penyakit_Daun_Padi_Indonesia\blight\IMG_1010.jpg,132.0,.jpg,aa96cb8fb0584595,train,224,224,True,Otsu,True,"[0.0, 1.0]",0.0151,Kandanghaur,28.485,82.75,18.0,0.314,2.533,4.613,72,Gadu,OPENMETEO_API,33,24.818,1.455,40.212
BLI045,IMG_1011.jpg,blight,2,blight\IMG_1011.jpg,C:\ML\bigdata\Penyakit_Daun_Padi_Indonesia\blight\IMG_1011.jpg,172.3,.jpg,1118dda5a1e9b599,train,224,224,True,Otsu,True,"[0.0, 1.0]",0.0213,Kandanghaur,28.485,82.75,18.0,0.314,2.533,4.613,72,Gadu,OPENMETEO_API,33,24.818,1.455,40.212
BLI046,IMG_1012.jpg,blight,2,blight\IMG_1012.jpg,C:\ML\bigdata\Penyakit_Daun_Padi_Indonesia\blight\IMG_1012.jpg,170.3,.jpg,ec54859aa6fb6775,train,224,224,True,Otsu,True,"[0.0, 1.0]",0.021,Haurgeulis,28.297,82.444,11.0,0.319,2.533,5.251,72,Gadu,OPENMETEO_API,33,24.818,1.455,40.212
BLI047,IMG_1013.jpg,blight,2,blight\IMG_1013.jpg,C:\ML\bigdata\Penyakit_Daun_Padi_Indonesia\blight\IMG_1013.jpg,130.7,.jpg,e3da16a16df7797c,train,224,224,True,Otsu,True,"[0.0, 1.0]",0.015,Kandanghaur,28.485,82.75,18.0,0.314,2.533,4.613,72,Gadu,OPENMETEO_API,33,24.818,1.455,40.212
BLI048,IMG_1014.jpg,blight,2,blight\IMG_1014.jpg,C:\ML\bigdata\Penyakit_Daun_Padi_Indonesia\blight\IMG_1014.jpg,192.7,.jpg,d7161ab6662b5a3a,train,224,224,True,Otsu,True,"[0.0, 1.0]",0.0244,Jatibarang,28.062,82.458,12.0,0.319,2.533,5.075,72,Gadu,OPENMETEO_API,33,24.818,1.455,40.212
BLI049,IMG_1015.jpg,blight,2,blight\IMG_1015.jpg,C:\ML\bigdata\Penyakit_Daun_Padi_Indonesia\blight\IMG_1015.jpg,153.3,.jpg,5946fc2c705058f3,train,224,224,True,Otsu,True,"[0.0, 1.0]",0.0184,Kandanghaur,28.485,82.75,18.0,0.314,2.533,4.613,72,Gadu,OPENMETEO_API,33,24.818,1.455,40.212
BLI050,IMG_1016.jpg,blight,2,blight\IMG_1016.jpg,C:\ML\bigdata\Penyakit_Daun_Padi_Indonesia\blight\IMG_1016.jpg,119.7,.jpg,daca05a8d3b2e00e,test,224,224,True,Otsu,True,"[0.0, 1.0]",0.0133,Indramayu,28.618,79.361,6.4,0.375,2.533,6.551,72,Gadu,OPENMETEO_API,33,24.818,1.455,40.212
BLI051,IMG_1020.jpg,blight,2,blight\IMG_1020.jpg,C:\ML\bigdata\Penyakit_Daun_Padi_Indonesia\blight\IMG_1020.jpg,197.5,.jpg,f80b5b10a7550832,train,224,224,True,Otsu,True,"[0.0, 1.0]",0.0251,Kandanghaur,28.485,82.75,18.0,0.314,2.533,4.613,72,Gadu,OPENMETEO_API,33,24.818,1.455,40.212
BLI052,IMG_1021.jpg,blight,2,blight\IMG_1021.jpg,C:\ML\bigdata\Penyakit_Daun_Padi_Indonesia\blight\IMG_1021.jpg,162.4,.jpg,57f259b34b8ec823,train,224,224,True,Otsu,True,"[0.0, 1.0]",0.0198,Indramayu,28.618,79.361,6.4,0.375,2.533,6.551,72,Gadu,OPENMETEO_API,33,24.818,1.455,40.212
BLI053,IMG_1022.jpg,blight,2,blight\IMG_1022.jpg,C:\ML\bigdata\Penyakit_Daun_Padi_Indonesia\blight\IMG_1022.jpg,185.1,.jpg,24b9ed2d5170fddd,train,224,224,True,Otsu,True,"[0.0, 1.0]",0.0232,Patrol,28.289,82.736,13.3,0.314,2.533,6.528,72,Gadu,OPENMETEO_API,33,24.818,1.455,40.212
BLI054,IMG_1023.jpg,blight,2,blight\IMG_1023.jpg,C:\ML\bigdata\Penyakit_Daun_Padi_Indonesia\blight\IMG_1023.jpg,184.8,.jpg,d3ddbac1f5c851a7,train,224,224,True,Otsu,True,"[0.0, 1.0]",0.0232,Patrol,28.289,82.736,13.3,0.314,2.533,6.528,72,Gadu,OPENMETEO_API,33,24.818,1.455,40.212
BLI055,IMG_1024.jpg,blight,2,blight\IMG_1024.jpg,C:\ML\bigdata\Penyakit_Daun_Padi_Indonesia\blight\IMG_1024.jpg,121.5,.jpg,025eeb84947e664b,test,224,224,True,Otsu,True,"[0.0, 1.0]",0.0135,Haurgeulis,28.297,82.444,11.0,0.319,2.533,5.251,72,Gadu,OPENMETEO_API,33,24.818,1.455,40.212
BLI056,IMG_1026.jpg,blight,2,blight\IMG_1026.jpg,C:\ML\bigdata\Penyakit_Daun_Padi_Indonesia\blight\IMG_1026.jpg,168.5,.jpg,6db1072141b5c429,test,224,224,True,Otsu,True,"[0.0, 1.0]",0.0207,Kandanghaur,28.485,82.75,18.0,0.314,2.533,4.613,72,Gadu,OPENMETEO_API,33,24.818,1.455,40.212
BLI057,IMG_1027.jpg,blight,2,blight\IMG_1027.jpg,C:\ML\bigdata\Penyakit_Daun_Padi_Indonesia\blight\IMG_1027.jpg,163.5,.jpg,50baae162ced9c3a,train,224,224,True,Otsu,True,"[0.0, 1.0]",0.0199,Patrol,28.289,82.736,13.3,0.314,2.533,6.528,72,Gadu,OPENMETEO_API,33,24.818,1.455,40.212
BLI058,IMG_1029.jpg,blight,2,blight\IMG_1029.jpg,C:\ML\bigdata\Penyakit_Daun_Padi_Indonesia\blight\IMG_1029.jpg,186.0,.jpg,b15ab317b6608733,train,224,224,True,Otsu,True,"[0.0, 1.0]",0.0234,Patrol,28.289,82.736,13.3,0.314,2.533,6.528,72,Gadu,OPENMETEO_API,33,24.818,1.455,40.212
BLI059,IMG_1030.jpg,blight,2,blight\IMG_1030.jpg,C:\ML\bigdata\Penyakit_Daun_Padi_Indonesia\blight\IMG_1030.jpg,197.7,.jpg,b223669478f8048d,train,224,224,True,Otsu,True,"[0.0, 1.0]",0.0252,Haurgeulis,28.297,82.444,11.0,0.319,2.533,5.251,72,Gadu,OPENMETEO_API,33,24.818,1.455,40.212
BLI060,IMG_1031.jpg,blight,2,blight\IMG_1031.jpg,C:\ML\bigdata\Penyakit_Daun_Padi_Indonesia\blight\IMG_1031.jpg,154.6,.jpg,6deddf75c33b7002,train,224,224,True,Otsu,True,"[0.0, 1.0]",0.0186,Haurgeulis,28.297,82.444,11.0,0.319,2.533,5.251,72,Gadu,OPENMETEO_API,33,24.818,1.455,40.212
BLI061,IMG_1033.jpg,blight,2,blight\IMG_1033.jpg,C:\ML\bigdata\Penyakit_Daun_Padi_Indonesia\blight\IMG_1033.jpg,167.7,.jpg,508267b3a00a90af,test,224,224,True,Otsu,True,"[0.0, 1.0]",0.0206,Kandanghaur,28.485,82.75,18.0,0.314,2.533,4.613,72,Gadu,OPENMETEO_API,33,24.818,1.455,40.212
BLI062,IMG_1034.jpg,blight,2,blight\IMG_1034.jpg,C:\ML\bigdata\Penyakit_Daun_Padi_Indonesia\blight\IMG_1034.jpg,156.8,.jpg,d1d89157bfc455a2,train,224,224,True,Otsu,True,"[0.0, 1.0]",0.0189,Indramayu,28.618,79.361,6.4,0.375,2.533,6.551,72,Gadu,OPENMETEO_API,33,24.818,1.455,40.212
BLI063,IMG_1035.jpg,blight,2,blight\IMG_1035.jpg,C:\ML\bigdata\Penyakit_Daun_Padi_Indonesia\blight\IMG_1035.jpg,161.1,.jpg,7eed5a2e3aed0608,train,224,224,True,Otsu,True,"[0.0, 1.0]",0.0196,Kandanghaur,28.485,82.75,18.0,0.314,2.533,4.613,72,Gadu,OPENMETEO_API,33,24.818,1.455,40.212
BLI064,IMG_1036.jpg,blight,2,blight\IMG_1036.jpg,C:\ML\bigdata\Penyakit_Daun_Padi_Indonesia\blight\IMG_1036.jpg,165.0,.jpg,b08a5ae53ef379ad,train,224,224,True,Otsu,True,"[0.0, 1.0]",0.0202,Indramayu,28.618,79.361,6.4,0.375,2.533,6.551,72,Gadu,OPENMETEO_API,33,24.818,1.455,40.212
BLI065,IMG_1042.jpg,blight,2,blight\IMG_1042.jpg,C:\ML\bigdata\Penyakit_Daun_Padi_Indonesia\blight\IMG_1042.jpg,216.0,.jpg,327c18abe9685f18,train,224,224,True,Otsu,True,"[0.0, 1.0]",0.0279,Haurgeulis,28.297,82.444,11.0,0.319,2.533,5.251,72,Gadu,OPENMETEO_API,33,24.818,1.455,40.212
BLI066,IMG_1043.jpg,blight,2,blight\IMG_1043.jpg,C:\ML\bigdata\Penyakit_Daun_Padi_Indonesia\blight\IMG_1043.jpg,164.2,.jpg,d754e5da3966b1ab,train,224,224,True,Otsu,True,"[0.0, 1.0]",0.0201,Jatibarang,28.062,82.458,12.0,0.319,2.533,5.075,72,Gadu,OPENMETEO_API,33,24.818,1.455,40.212
BLI067,IMG_1047.jpg,blight,2,blight\IMG_1047.jpg,C:\ML\bigdata\Penyakit_Daun_Padi_Indonesia\blight\IMG_1047.jpg,128.1,.jpg,6c65216f26173674,train,224,224,True,Otsu,True,"[0.0, 1.0]",0.0146,Kandanghaur,28.485,82.75,18.0,0.314,2.533,4.613,72,Gadu,OPENMETEO_API,33,24.818,1.455,40.212
BLI068,IMG_1055.jpg,blight,2,blight\IMG_1055.jpg,C:\ML\bigdata\Penyakit_Daun_Padi_Indonesia\blight\IMG_1055.jpg,157.5,.jpg,360bbaabec0836ec,val,224,224,True,Otsu,True,"[0.0, 1.0]",0.019,Jatibarang,28.062,82.458,12.0,0.319,2.533,5.075,72,Gadu,OPENMETEO_API,33,24.818,1.455,40.212
BLI069,IMG_1056.jpg,blight,2,blight\IMG_1056.jpg,C:\ML\bigdata\Penyakit_Daun_Padi_Indonesia\blight\IMG_1056.jpg,160.7,.jpg,10c1bf071db944ac,train,224,224,True,Otsu,True,"[0.0, 1.0]",0.0195,Indramayu,28.618,79.361,6.4,0.375,2.533,6.551,72,Gadu,OPENMETEO_API,33,24.818,1.455,40.212
BLI070,IMG_1057.jpg,blight,2,blight\IMG_1057.jpg,C:\ML\bigdata\Penyakit_Daun_Padi_Indonesia\blight\IMG_1057.jpg,116.3,.jpg,b3e041a1018c2358,test,224,224,True,Otsu,True,"[0.0, 1.0]",0.0128,Kandanghaur,28.485,82.75,18.0,0.314,2.533,4.613,72,Gadu,OPENMETEO_API,33,24.818,1.455,40.212
BLI071,IMG_1059.jpg,blight,2,blight\IMG_1059.jpg,C:\ML\bigdata\Penyakit_Daun_Padi_Indonesia\blight\IMG_1059.jpg,131.8,.jpg,d3529bc9d568548b,train,224,224,True,Otsu,True,"[0.0, 1.0]",0.0151,Jatibarang,28.062,82.458,12.0,0.319,2.533,5.075,72,Gadu,OPENMETEO_API,33,24.818,1.455,40.212
BLI072,IMG_1063.jpg,blight,2,blight\IMG_1063.jpg,C:\ML\bigdata\Penyakit_Daun_Padi_Indonesia\blight\IMG_1063.jpg,209.6,.jpg,6f45ff50cb449cda,train,224,224,True,Otsu,True,"[0.0, 1.0]",0.027,Jatibarang,28.062,82.458,12.0,0.319,2.533,5.075,72,Gadu,OPENMETEO_API,33,24.818,1.455,40.212
BLI073,IMG_1064.jpg,blight,2,blight\IMG_1064.jpg,C:\ML\bigdata\Penyakit_Daun_Padi_Indonesia\blight\IMG_1064.jpg,199.7,.jpg,fa41f09b4e996d1e,train,224,224,True,Otsu,True,"[0.0, 1.0]",0.0255,Kandanghaur,28.485,82.75,18.0,0.314,2.533,4.613,72,Gadu,OPENMETEO_API,33,24.818,1.455,40.212
BLI074,IMG_1065.jpg,blight,2,blight\IMG_1065.jpg,C:\ML\bigdata\Penyakit_Daun_Padi_Indonesia\blight\IMG_1065.jpg,159.2,.jpg,a98a1e50004d3357,train,224,224,True,Otsu,True,"[0.0, 1.0]",0.0193,Jatibarang,28.062,82.458,12.0,0.319,2.533,5.075,72,Gadu,OPENMETEO_API,33,24.818,1.455,40.212
BLI075,IMG_1066.jpg,blight,2,blight\IMG_1066.jpg,C:\ML\bigdata\Penyakit_Daun_Padi_Indonesia\blight\IMG_1066.jpg,228.2,.jpg,fabce6efda1c47a0,train,224,224,True,Otsu,True,"[0.0, 1.0]",0.0298,Kandanghaur,28.485,82.75,18.0,0.314,2.533,4.613,72,Gadu,OPENMETEO_API,33,24.818,1.455,40.212
BLI076,IMG_1068.jpg,blight,2,blight\IMG_1068.jpg,C:\ML\bigdata\Penyakit_Daun_Padi_Indonesia\blight\IMG_1068.jpg,175.9,.jpg,f491d1c7b956aaca,train,224,224,True,Otsu,True,"[0.0, 1.0]",0.0218,Jatibarang,28.062,82.458,12.0,0.319,2.533,5.075,72,Gadu,OPENMETEO_API,33,24.818,1.455,40.212
BLI077,IMG_1069.jpg,blight,2,blight\IMG_1069.jpg,C:\ML\bigdata\Penyakit_Daun_Padi_Indonesia\blight\IMG_1069.jpg,114.5,.jpg,1cd7978c1685e44b,val,224,224,True,Otsu,True,"[0.0, 1.0]",0.0125,Haurgeulis,28.297,82.444,11.0,0.319,2.533,5.251,72,Gadu,OPENMETEO_API,33,24.818,1.455,40.212
BLI078,IMG_1071.jpg,blight,2,blight\IMG_1071.jpg,C:\ML\bigdata\Penyakit_Daun_Padi_Indonesia\blight\IMG_1071.jpg,76.0,.jpg,23fbf25770d942b9,train,224,224,True,Otsu,True,"[0.0, 1.0]",0.0066,Kandanghaur,28.485,82.75,18.0,0.314,2.533,4.613,72,Gadu,OPENMETEO_API,33,24.818,1.455,40.212
BLI079,IMG_1072.jpg,blight,2,blight\IMG_1072.jpg,C:\ML\bigdata\Penyakit_Daun_Padi_Indonesia\blight\IMG_1072.jpg,81.3,.jpg,27ad198fc9ed7181,train,224,224,True,Otsu,True,"[0.0, 1.0]",0.0074,Haurgeulis,28.297,82.444,11.0,0.319,2.533,5.251,72,Gadu,OPENMETEO_API,33,24.818,1.455,40.212
BLI080,IMG_1075.jpg,blight,2,blight\IMG_1075.jpg,C:\ML\bigdata\Penyakit_Daun_Padi_Indonesia\blight\IMG_1075.jpg,64.4,.jpg,ee493220fa346c23,train,224,224,True,Otsu,True,"[0.0, 1.0]",0.0049,Patrol,28.289,82.736,13.3,0.314,2.533,6.528,72,Gadu,OPENMETEO_API,33,24.818,1.455,40.212
TUN001,IMG_0399.jpg,tungro,3,tungro\IMG_0399.jpg,C:\ML\bigdata\Penyakit_Daun_Padi_Indonesia\tungro\IMG_0399.jpg,119.2,.jpg,94f14b372c88740f,train,224,224,True,Otsu,True,"[0.0, 1.0]",0.0132,Haurgeulis,28.297,82.444,11.0,0.319,2.533,5.251,72,Gadu,OPENMETEO_API,43,77.907,1.465,83.721
TUN002,IMG_0400.jpg,tungro,3,tungro\IMG_0400.jpg,C:\ML\bigdata\Penyakit_Daun_Padi_Indonesia\tungro\IMG_0400.jpg,100.5,.jpg,2cba965e18509eb2,train,224,224,True,Otsu,True,"[0.0, 1.0]",0.0104,Jatibarang,28.062,82.458,12.0,0.319,2.533,5.075,72,Gadu,OPENMETEO_API,43,77.907,1.465,83.721
TUN003,IMG_0414.jpg,tungro,3,tungro\IMG_0414.jpg,C:\ML\bigdata\Penyakit_Daun_Padi_Indonesia\tungro\IMG_0414.jpg,106.0,.jpg,d050d3679cf34aeb,train,224,224,True,Otsu,True,"[0.0, 1.0]",0.0112,Indramayu,28.618,79.361,6.4,0.375,2.533,6.551,72,Gadu,OPENMETEO_API,43,77.907,1.465,83.721
TUN004,IMG_0432.jpg,tungro,3,tungro\IMG_0432.jpg,C:\ML\bigdata\Penyakit_Daun_Padi_Indonesia\tungro\IMG_0432.jpg,54.1,.jpg,8da5d9a1b34a4cd1,test,224,224,True,Otsu,True,"[0.0, 1.0]",0.0033,Haurgeulis,28.297,82.444,11.0,0.319,2.533,5.251,72,Gadu,OPENMETEO_API,43,77.907,1.465,83.721
TUN005,IMG_0581.jpg,tungro,3,tungro\IMG_0581.jpg,C:\ML\bigdata\Penyakit_Daun_Padi_Indonesia\tungro\IMG_0581.jpg,45.1,.jpg,b358b7854ea53c45,train,224,224,True,Otsu,True,"[0.0, 1.0]",0.0019,Haurgeulis,28.297,82.444,11.0,0.319,2.533,5.251,72,Gadu,OPENMETEO_API,43,77.907,1.465,83.721
TUN006,IMG_0582.jpg,tungro,3,tungro\IMG_0582.jpg,C:\ML\bigdata\Penyakit_Daun_Padi_Indonesia\tungro\IMG_0582.jpg,37.9,.jpg,5ee9f0f40712c263,train,224,224,True,Otsu,True,"[0.0, 1.0]",0.0008,Haurgeulis,28.297,82.444,11.0,0.319,2.533,5.251,72,Gadu,OPENMETEO_API,43,77.907,1.465,83.721
TUN007,IMG_0583.jpg,tungro,3,tungro\IMG_0583.jpg,C:\ML\bigdata\Penyakit_Daun_Padi_Indonesia\tungro\IMG_0583.jpg,47.6,.jpg,95359e415690e9cf,train,224,224,True,Otsu,True,"[0.0, 1.0]",0.0023,Indramayu,28.618,79.361,6.4,0.375,2.533,6.551,72,Gadu,OPENMETEO_API,43,77.907,1.465,83.721
TUN008,IMG_0584.jpg,tungro,3,tungro\IMG_0584.jpg,C:\ML\bigdata\Penyakit_Daun_Padi_Indonesia\tungro\IMG_0584.jpg,55.1,.jpg,918494aa374218c3,train,224,224,True,Otsu,True,"[0.0, 1.0]",0.0034,Indramayu,28.618,79.361,6.4,0.375,2.533,6.551,72,Gadu,OPENMETEO_API,43,77.907,1.465,83.721
TUN009,IMG_0614.jpg,tungro,3,tungro\IMG_0614.jpg,C:\ML\bigdata\Penyakit_Daun_Padi_Indonesia\tungro\IMG_0614.jpg,61.1,.jpg,08a3f574df9eef6e,train,224,224,True,Otsu,True,"[0.0, 1.0]",0.0044,Haurgeulis,28.297,82.444,11.0,0.319,2.533,5.251,72,Gadu,OPENMETEO_API,43,77.907,1.465,83.721
TUN010,IMG_0615.jpg,tungro,3,tungro\IMG_0615.jpg,C:\ML\bigdata\Penyakit_Daun_Padi_Indonesia\tungro\IMG_0615.jpg,84.5,.jpg,dac90a89689c924b,train,224,224,True,Otsu,True,"[0.0, 1.0]",0.0079,Patrol,28.289,82.736,13.3,0.314,2.533,6.528,72,Gadu,OPENMETEO_API,43,77.907,1.465,83.721
TUN011,IMG_0688.jpg,tungro,3,tungro\IMG_0688.jpg,C:\ML\bigdata\Penyakit_Daun_Padi_Indonesia\tungro\IMG_0688.jpg,81.2,.jpg,1d2dd148838b882c,train,224,224,True,Otsu,True,"[0.0, 1.0]",0.0074,Indramayu,28.618,79.361,6.4,0.375,2.533,6.551,72,Gadu,OPENMETEO_API,43,77.907,1.465,83.721
TUN012,IMG_0689.jpg,tungro,3,tungro\IMG_0689.jpg,C:\ML\bigdata\Penyakit_Daun_Padi_Indonesia\tungro\IMG_0689.jpg,93.0,.jpg,09361a7d43b00efa,train,224,224,True,Otsu,True,"[0.0, 1.0]",0.0092,Indramayu,28.618,79.361,6.4,0.375,2.533,6.551,72,Gadu,OPENMETEO_API,43,77.907,1.465,83.721
TUN013,IMG_0706.jpg,tungro,3,tungro\IMG_0706.jpg,C:\ML\bigdata\Penyakit_Daun_Padi_Indonesia\tungro\IMG_0706.jpg,55.3,.jpg,25371cdf8622bf30,train,224,224,True,Otsu,True,"[0.0, 1.0]",0.0035,Indramayu,28.618,79.361,6.4,0.375,2.533,6.551,72,Gadu,OPENMETEO_API,43,77.907,1.465,83.721
TUN014,IMG_0714.jpg,tungro,3,tungro\IMG_0714.jpg,C:\ML\bigdata\Penyakit_Daun_Padi_Indonesia\tungro\IMG_0714.jpg,46.0,.jpg,2a7ce338358d6977,train,224,224,True,Otsu,True,"[0.0, 1.0]",0.0021,Kandanghaur,28.485,82.75,18.0,0.314,2.533,4.613,72,Gadu,OPENMETEO_API,43,77.907,1.465,83.721
TUN015,IMG_0715.jpg,tungro,3,tungro\IMG_0715.jpg,C:\ML\bigdata\Penyakit_Daun_Padi_Indonesia\tungro\IMG_0715.jpg,49.8,.jpg,b5bdb0742eb37f4b,test,224,224,True,Otsu,True,"[0.0, 1.0]",0.0026,Haurgeulis,28.297,82.444,11.0,0.319,2.533,5.251,72,Gadu,OPENMETEO_API,43,77.907,1.465,83.721
TUN016,IMG_0823.jpg,tungro,3,tungro\IMG_0823.jpg,C:\ML\bigdata\Penyakit_Daun_Padi_Indonesia\tungro\IMG_0823.jpg,51.0,.jpg,2f357b2202837bfe,test,224,224,True,Otsu,True,"[0.0, 1.0]",0.0028,Patrol,28.289,82.736,13.3,0.314,2.533,6.528,72,Gadu,OPENMETEO_API,43,77.907,1.465,83.721
TUN017,IMG_0824.jpg,tungro,3,tungro\IMG_0824.jpg,C:\ML\bigdata\Penyakit_Daun_Padi_Indonesia\tungro\IMG_0824.jpg,75.0,.jpg,48cb9195f6627566,train,224,224,True,Otsu,True,"[0.0, 1.0]",0.0065,Indramayu,28.618,79.361,6.4,0.375,2.533,6.551,72,Gadu,OPENMETEO_API,43,77.907,1.465,83.721
TUN018,IMG_0825.jpg,tungro,3,tungro\IMG_0825.jpg,C:\ML\bigdata\Penyakit_Daun_Padi_Indonesia\tungro\IMG_0825.jpg,63.6,.jpg,addf2b1df3a0850b,train,224,224,True,Otsu,True,"[0.0, 1.0]",0.0047,Kandanghaur,28.485,82.75,18.0,0.314,2.533,4.613,72,Gadu,OPENMETEO_API,43,77.907,1.465,83.721
TUN019,IMG_0826.jpg,tungro,3,tungro\IMG_0826.jpg,C:\ML\bigdata\Penyakit_Daun_Padi_Indonesia\tungro\IMG_0826.jpg,36.7,.jpg,8117d7c6682cb1b9,train,224,224,True,Otsu,True,"[0.0, 1.0]",0.0006,Jatibarang,28.062,82.458,12.0,0.319,2.533,5.075,72,Gadu,OPENMETEO_API,43,77.907,1.465,83.721
TUN020,IMG_0827.jpg,tungro,3,tungro\IMG_0827.jpg,C:\ML\bigdata\Penyakit_Daun_Padi_Indonesia\tungro\IMG_0827.jpg,42.1,.jpg,95289865c68d2e54,test,224,224,True,Otsu,True,"[0.0, 1.0]",0.0015,Jatibarang,28.062,82.458,12.0,0.319,2.533,5.075,72,Gadu,OPENMETEO_API,43,77.907,1.465,83.721
TUN021,IMG_0832.jpg,tungro,3,tungro\IMG_0832.jpg,C:\ML\bigdata\Penyakit_Daun_Padi_Indonesia\tungro\IMG_0832.jpg,64.7,.jpg,3d82bdc33b76fdcf,val,224,224,True,Otsu,True,"[0.0, 1.0]",0.0049,Indramayu,28.618,79.361,6.4,0.375,2.533,6.551,72,Gadu,OPENMETEO_API,43,77.907,1.465,83.721
TUN022,IMG_0833.jpg,tungro,3,tungro\IMG_0833.jpg,C:\ML\bigdata\Penyakit_Daun_Padi_Indonesia\tungro\IMG_0833.jpg,61.9,.jpg,89177a8683e9695c,val,224,224,True,Otsu,True,"[0.0, 1.0]",0.0045,Patrol,28.289,82.736,13.3,0.314,2.533,6.528,72,Gadu,OPENMETEO_API,43,77.907,1.465,83.721
TUN023,IMG_0836.jpg,tungro,3,tungro\IMG_0836.jpg,C:\ML\bigdata\Penyakit_Daun_Padi_Indonesia\tungro\IMG_0836.jpg,62.5,.jpg,4781e54e2ad7cbea,train,224,224,True,Otsu,True,"[0.0, 1.0]",0.0046,Patrol,28.289,82.736,13.3,0.314,2.533,6.528,72,Gadu,OPENMETEO_API,43,77.907,1.465,83.721
TUN024,IMG_0844.jpg,tungro,3,tungro\IMG_0844.jpg,C:\ML\bigdata\Penyakit_Daun_Padi_Indonesia\tungro\IMG_0844.jpg,54.1,.jpg,771b03f15349b7cd,train,224,224,True,Otsu,True,"[0.0, 1.0]",0.0033,Haurgeulis,28.297,82.444,11.0,0.319,2.533,5.251,72,Gadu,OPENMETEO_API,43,77.907,1.465,83.721
TUN025,IMG_0845.jpg,tungro,3,tungro\IMG_0845.jpg,C:\ML\bigdata\Penyakit_Daun_Padi_Indonesia\tungro\IMG_0845.jpg,72.3,.jpg,27e5e8d578f3802b,val,224,224,True,Otsu,True,"[0.0, 1.0]",0.0061,Indramayu,28.618,79.361,6.4,0.375,2.533,6.551,72,Gadu,OPENMETEO_API,43,77.907,1.465,83.721
TUN026,IMG_0846.jpg,tungro,3,tungro\IMG_0846.jpg,C:\ML\bigdata\Penyakit_Daun_Padi_Indonesia\tungro\IMG_0846.jpg,55.5,.jpg,232834720d9d7756,train,224,224,True,Otsu,True,"[0.0, 1.0]",0.0035,Jatibarang,28.062,82.458,12.0,0.319,2.533,5.075,72,Gadu,OPENMETEO_API,43,77.907,1.465,83.721
TUN027,IMG_0847.jpg,tungro,3,tungro\IMG_0847.jpg,C:\ML\bigdata\Penyakit_Daun_Padi_Indonesia\tungro\IMG_0847.jpg,65.9,.jpg,e2023d11620aac12,train,224,224,True,Otsu,True,"[0.0, 1.0]",0.0051,Haurgeulis,28.297,82.444,11.0,0.319,2.533,5.251,72,Gadu,OPENMETEO_API,43,77.907,1.465,83.721
TUN028,IMG_0848.jpg,tungro,3,tungro\IMG_0848.jpg,C:\ML\bigdata\Penyakit_Daun_Padi_Indonesia\tungro\IMG_0848.jpg,64.9,.jpg,17ece4d0d5de26c5,test,224,224,True,Otsu,True,"[0.0, 1.0]",0.0049,Patrol,28.289,82.736,13.3,0.314,2.533,6.528,72,Gadu,OPENMETEO_API,43,77.907,1.465,83.721
TUN029,IMG_0849.jpg,tungro,3,tungro\IMG_0849.jpg,C:\ML\bigdata\Penyakit_Daun_Padi_Indonesia\tungro\IMG_0849.jpg,63.6,.jpg,da9c736c44da1e75,train,224,224,True,Otsu,True,"[0.0, 1.0]",0.0047,Haurgeulis,28.297,82.444,11.0,0.319,2.533,5.251,72,Gadu,OPENMETEO_API,43,77.907,1.465,83.721
TUN030,IMG_0850.jpg,tungro,3,tungro\IMG_0850.jpg,C:\ML\bigdata\Penyakit_Daun_Padi_Indonesia\tungro\IMG_0850.jpg,53.7,.jpg,17af08f57fd39cc8,train,224,224,True,Otsu,True,"[0.0, 1.0]",0.0032,Jatibarang,28.062,82.458,12.0,0.319,2.533,5.075,72,Gadu,OPENMETEO_API,43,77.907,1.465,83.721
TUN031,IMG_0851.jpg,tungro,3,tungro\IMG_0851.jpg,C:\ML\bigdata\Penyakit_Daun_Padi_Indonesia\tungro\IMG_0851.jpg,59.0,.jpg,b77673b6a59e307b,val,224,224,True,Otsu,True,"[0.0, 1.0]",0.004,Patrol,28.289,82.736,13.3,0.314,2.533,6.528,72,Gadu,OPENMETEO_API,43,77.907,1.465,83.721
TUN032,IMG_0852.jpg,tungro,3,tungro\IMG_0852.jpg,C:\ML\bigdata\Penyakit_Daun_Padi_Indonesia\tungro\IMG_0852.jpg,67.1,.jpg,9152388033eb46f5,train,224,224,True,Otsu,True,"[0.0, 1.0]",0.0053,Kandanghaur,28.485,82.75,18.0,0.314,2.533,4.613,72,Gadu,OPENMETEO_API,43,77.907,1.465,83.721
TUN033,IMG_0853.jpg,tungro,3,tungro\IMG_0853.jpg,C:\ML\bigdata\Penyakit_Daun_Padi_Indonesia\tungro\IMG_0853.jpg,76.7,.jpg,556032c2bc3072a3,train,224,224,True,Otsu,True,"[0.0, 1.0]",0.0067,Kandanghaur,28.485,82.75,18.0,0.314,2.533,4.613,72,Gadu,OPENMETEO_API,43,77.907,1.465,83.721
TUN034,IMG_0854.jpg,tungro,3,tungro\IMG_0854.jpg,C:\ML\bigdata\Penyakit_Daun_Padi_Indonesia\tungro\IMG_0854.jpg,88.3,.jpg,9cfa436edd30e1c8,test,224,224,True,Otsu,True,"[0.0, 1.0]",0.0085,Indramayu,28.618,79.361,6.4,0.375,2.533,6.551,72,Gadu,OPENMETEO_API,43,77.907,1.465,83.721
TUN035,IMG_0855.jpg,tungro,3,tungro\IMG_0855.jpg,C:\ML\bigdata\Penyakit_Daun_Padi_Indonesia\tungro\IMG_0855.jpg,66.3,.jpg,6f78b03089c39f73,train,224,224,True,Otsu,True,"[0.0, 1.0]",0.0051,Haurgeulis,28.297,82.444,11.0,0.319,2.533,5.251,72,Gadu,OPENMETEO_API,43,77.907,1.465,83.721
TUN036,IMG_0857.jpg,tungro,3,tungro\IMG_0857.jpg,C:\ML\bigdata\Penyakit_Daun_Padi_Indonesia\tungro\IMG_0857.jpg,68.3,.jpg,5a9cb65a5102e1f9,train,224,224,True,Otsu,True,"[0.0, 1.0]",0.0055,Patrol,28.289,82.736,13.3,0.314,2.533,6.528,72,Gadu,OPENMETEO_API,43,77.907,1.465,83.721
TUN037,IMG_0858.jpg,tungro,3,tungro\IMG_0858.jpg,C:\ML\bigdata\Penyakit_Daun_Padi_Indonesia\tungro\IMG_0858.jpg,89.5,.jpg,8d036bff6796279b,train,224,224,True,Otsu,True,"[0.0, 1.0]",0.0087,Indramayu,28.618,79.361,6.4,0.375,2.533,6.551,72,Gadu,OPENMETEO_API,43,77.907,1.465,83.721
TUN038,IMG_0859.jpg,tungro,3,tungro\IMG_0859.jpg,C:\ML\bigdata\Penyakit_Daun_Padi_Indonesia\tungro\IMG_0859.jpg,133.9,.jpg,dfe66fe592515eca,train,224,224,True,Otsu,True,"[0.0, 1.0]",0.0154,Haurgeulis,28.297,82.444,11.0,0.319,2.533,5.251,72,Gadu,OPENMETEO_API,43,77.907,1.465,83.721
TUN039,IMG_0860.jpg,tungro,3,tungro\IMG_0860.jpg,C:\ML\bigdata\Penyakit_Daun_Padi_Indonesia\tungro\IMG_0860.jpg,86.9,.jpg,9c476f0ef502383f,train,224,224,True,Otsu,True,"[0.0, 1.0]",0.0083,Jatibarang,28.062,82.458,12.0,0.319,2.533,5.075,72,Gadu,OPENMETEO_API,43,77.907,1.465,83.721
TUN040,IMG_0861.jpg,tungro,3,tungro\IMG_0861.jpg,C:\ML\bigdata\Penyakit_Daun_Padi_Indonesia\tungro\IMG_0861.jpg,76.3,.jpg,3583220535b4c730,train,224,224,True,Otsu,True,"[0.0, 1.0]",0.0067,Patrol,28.289,82.736,13.3,0.314,2.533,6.528,72,Gadu,OPENMETEO_API,43,77.907,1.465,83.721
TUN041,IMG_0864.jpg,tungro,3,tungro\IMG_0864.jpg,C:\ML\bigdata\Penyakit_Daun_Padi_Indonesia\tungro\IMG_0864.jpg,43.4,.jpg,386914393e231c52,train,224,224,True,Otsu,True,"[0.0, 1.0]",0.0017,Haurgeulis,28.297,82.444,11.0,0.319,2.533,5.251,72,Gadu,OPENMETEO_API,43,77.907,1.465,83.721
TUN042,IMG_0865.jpg,tungro,3,tungro\IMG_0865.jpg,C:\ML\bigdata\Penyakit_Daun_Padi_Indonesia\tungro\IMG_0865.jpg,91.1,.jpg,040292ce8ab2dc03,train,224,224,True,Otsu,True,"[0.0, 1.0]",0.0089,Patrol,28.289,82.736,13.3,0.314,2.533,6.528,72,Gadu,OPENMETEO_API,43,77.907,1.465,83.721
TUN043,IMG_0866.jpg,tungro,3,tungro\IMG_0866.jpg,C:\ML\bigdata\Penyakit_Daun_Padi_Indonesia\tungro\IMG_0866.jpg,67.3,.jpg,408e12e1a7e4141d,train,224,224,True,Otsu,True,"[0.0, 1.0]",0.0053,Haurgeulis,28.297,82.444,11.0,0.319,2.533,5.251,72,Gadu,OPENMETEO_API,43,77.907,1.465,83.721
TUN044,IMG_0867.jpg,tungro,3,tungro\IMG_0867.jpg,C:\ML\bigdata\Penyakit_Daun_Padi_Indonesia\tungro\IMG_0867.jpg,61.9,.jpg,a2ec8575a9e38294,train,224,224,True,Otsu,True,"[0.0, 1.0]",0.0045,Jatibarang,28.062,82.458,12.0,0.319,2.533,5.075,72,Gadu,OPENMETEO_API,43,77.907,1.465,83.721
TUN045,IMG_0868.jpg,tungro,3,tungro\IMG_0868.jpg,C:\ML\bigdata\Penyakit_Daun_Padi_Indonesia\tungro\IMG_0868.jpg,110.7,.jpg,a7e0e26a50bd60a6,train,224,224,True,Otsu,True,"[0.0, 1.0]",0.0119,Patrol,28.289,82.736,13.3,0.314,2.533,6.528,72,Gadu,OPENMETEO_API,43,77.907,1.465,83.721
TUN046,IMG_0869.jpg,tungro,3,tungro\IMG_0869.jpg,C:\ML\bigdata\Penyakit_Daun_Padi_Indonesia\tungro\IMG_0869.jpg,52.7,.jpg,5326894010049b9b,test,224,224,True,Otsu,True,"[0.0, 1.0]",0.0031,Kandanghaur,28.485,82.75,18.0,0.314,2.533,4.613,72,Gadu,OPENMETEO_API,43,77.907,1.465,83.721
TUN047,IMG_0872.jpg,tungro,3,tungro\IMG_0872.jpg,C:\ML\bigdata\Penyakit_Daun_Padi_Indonesia\tungro\IMG_0872.jpg,77.7,.jpg,be82134280b6ba8e,val,224,224,True,Otsu,True,"[0.0, 1.0]",0.0069,Jatibarang,28.062,82.458,12.0,0.319,2.533,5.075,72,Gadu,OPENMETEO_API,43,77.907,1.465,83.721
TUN048,IMG_0876.jpg,tungro,3,tungro\IMG_0876.jpg,C:\ML\bigdata\Penyakit_Daun_Padi_Indonesia\tungro\IMG_0876.jpg,133.5,.jpg,a3612095e264f754,train,224,224,True,Otsu,True,"[0.0, 1.0]",0.0154,Haurgeulis,28.297,82.444,11.0,0.319,2.533,5.251,72,Gadu,OPENMETEO_API,43,77.907,1.465,83.721
TUN049,IMG_0878.jpg,tungro,3,tungro\IMG_0878.jpg,C:\ML\bigdata\Penyakit_Daun_Padi_Indonesia\tungro\IMG_0878.jpg,185.4,.jpg,03111b194e2e4dca,train,224,224,True,Otsu,True,"[0.0, 1.0]",0.0233,Patrol,28.289,82.736,13.3,0.314,2.533,6.528,72,Gadu,OPENMETEO_API,43,77.907,1.465,83.721
TUN050,IMG_0879.jpg,tungro,3,tungro\IMG_0879.jpg,C:\ML\bigdata\Penyakit_Daun_Padi_Indonesia\tungro\IMG_0879.jpg,149.7,.jpg,0e8ec22939eeb8ed,train,224,224,True,Otsu,True,"[0.0, 1.0]",0.0178,Jatibarang,28.062,82.458,12.0,0.319,2.533,5.075,72,Gadu,OPENMETEO_API,43,77.907,1.465,83.721
TUN051,IMG_0880.jpg,tungro,3,tungro\IMG_0880.jpg,C:\ML\bigdata\Penyakit_Daun_Padi_Indonesia\tungro\IMG_0880.jpg,54.2,.jpg,b5092cb7e0c33c76,train,224,224,True,Otsu,True,"[0.0, 1.0]",0.0033,Haurgeulis,28.297,82.444,11.0,0.319,2.533,5.251,72,Gadu,OPENMETEO_API,43,77.907,1.465,83.721
TUN052,IMG_0881.jpg,tungro,3,tungro\IMG_0881.jpg,C:\ML\bigdata\Penyakit_Daun_Padi_Indonesia\tungro\IMG_0881.jpg,61.7,.jpg,17faec60e326b5b7,train,224,224,True,Otsu,True,"[0.0, 1.0]",0.0044,Kandanghaur,28.485,82.75,18.0,0.314,2.533,4.613,72,Gadu,OPENMETEO_API,43,77.907,1.465,83.721
TUN053,IMG_0882.jpg,tungro,3,tungro\IMG_0882.jpg,C:\ML\bigdata\Penyakit_Daun_Padi_Indonesia\tungro\IMG_0882.jpg,89.0,.jpg,ffc5c931cf287bb4,train,224,224,True,Otsu,True,"[0.0, 1.0]",0.0086,Kandanghaur,28.485,82.75,18.0,0.314,2.533,4.613,72,Gadu,OPENMETEO_API,43,77.907,1.465,83.721
TUN054,IMG_0883.jpg,tungro,3,tungro\IMG_0883.jpg,C:\ML\bigdata\Penyakit_Daun_Padi_Indonesia\tungro\IMG_0883.jpg,120.9,.jpg,80c165204466b607,train,224,224,True,Otsu,True,"[0.0, 1.0]",0.0135,Haurgeulis,28.297,82.444,11.0,0.319,2.533,5.251,72,Gadu,OPENMETEO_API,43,77.907,1.465,83.721
TUN055,IMG_0885.jpg,tungro,3,tungro\IMG_0885.jpg,C:\ML\bigdata\Penyakit_Daun_Padi_Indonesia\tungro\IMG_0885.jpg,85.6,.jpg,74e534f1912fa798,train,224,224,True,Otsu,True,"[0.0, 1.0]",0.0081,Kandanghaur,28.485,82.75,18.0,0.314,2.533,4.613,72,Gadu,OPENMETEO_API,43,77.907,1.465,83.721
TUN056,IMG_0886.jpg,tungro,3,tungro\IMG_0886.jpg,C:\ML\bigdata\Penyakit_Daun_Padi_Indonesia\tungro\IMG_0886.jpg,70.8,.jpg,9f493f5346ae36e6,train,224,224,True,Otsu,True,"[0.0, 1.0]",0.0058,Jatibarang,28.062,82.458,12.0,0.319,2.533,5.075,72,Gadu,OPENMETEO_API,43,77.907,1.465,83.721
TUN057,IMG_0887.jpg,tungro,3,tungro\IMG_0887.jpg,C:\ML\bigdata\Penyakit_Daun_Padi_Indonesia\tungro\IMG_0887.jpg,81.0,.jpg,bd472a0b38f4878c,train,224,224,True,Otsu,True,"[0.0, 1.0]",0.0074,Kandanghaur,28.485,82.75,18.0,0.314,2.533,4.613,72,Gadu,OPENMETEO_API,43,77.907,1.465,83.721
TUN058,IMG_0888.jpg,tungro,3,tungro\IMG_0888.jpg,C:\ML\bigdata\Penyakit_Daun_Padi_Indonesia\tungro\IMG_0888.jpg,45.5,.jpg,7e189ed5acb82473,train,224,224,True,Otsu,True,"[0.0, 1.0]",0.002,Indramayu,28.618,79.361,6.4,0.375,2.533,6.551,72,Gadu,OPENMETEO_API,43,77.907,1.465,83.721
TUN059,IMG_0889.jpg,tungro,3,tungro\IMG_0889.jpg,C:\ML\bigdata\Penyakit_Daun_Padi_Indonesia\tungro\IMG_0889.jpg,89.6,.jpg,397bb10eb4f57836,train,224,224,True,Otsu,True,"[0.0, 1.0]",0.0087,Kandanghaur,28.485,82.75,18.0,0.314,2.533,4.613,72,Gadu,OPENMETEO_API,43,77.907,1.465,83.721
TUN060,IMG_0890.jpg,tungro,3,tungro\IMG_0890.jpg,C:\ML\bigdata\Penyakit_Daun_Padi_Indonesia\tungro\IMG_0890.jpg,42.9,.jpg,56cebcda87587510,val,224,224,True,Otsu,True,"[0.0, 1.0]",0.0016,Indramayu,28.618,79.361,6.4,0.375,2.533,6.551,72,Gadu,OPENMETEO_API,43,77.907,1.465,83.721
TUN061,IMG_0891.jpg,tungro,3,tungro\IMG_0891.jpg,C:\ML\bigdata\Penyakit_Daun_Padi_Indonesia\tungro\IMG_0891.jpg,81.1,.jpg,591cacf29454f8f1,test,224,224,True,Otsu,True,"[0.0, 1.0]",0.0074,Patrol,28.289,82.736,13.3,0.314,2.533,6.528,72,Gadu,OPENMETEO_API,43,77.907,1.465,83.721
TUN062,IMG_0895.jpg,tungro,3,tungro\IMG_0895.jpg,C:\ML\bigdata\Penyakit_Daun_Padi_Indonesia\tungro\IMG_0895.jpg,45.8,.jpg,ee27270104366ad2,train,224,224,True,Otsu,True,"[0.0, 1.0]",0.002,Jatibarang,28.062,82.458,12.0,0.319,2.533,5.075,72,Gadu,OPENMETEO_API,43,77.907,1.465,83.721
TUN063,IMG_0896.jpg,tungro,3,tungro\IMG_0896.jpg,C:\ML\bigdata\Penyakit_Daun_Padi_Indonesia\tungro\IMG_0896.jpg,57.1,.jpg,65873eb3a75bf59e,val,224,224,True,Otsu,True,"[0.0, 1.0]",0.0037,Patrol,28.289,82.736,13.3,0.314,2.533,6.528,72,Gadu,OPENMETEO_API,43,77.907,1.465,83.721
TUN064,IMG_0897.jpg,tungro,3,tungro\IMG_0897.jpg,C:\ML\bigdata\Penyakit_Daun_Padi_Indonesia\tungro\IMG_0897.jpg,67.9,.jpg,c6dd190a904a7911,train,224,224,True,Otsu,True,"[0.0, 1.0]",0.0054,Patrol,28.289,82.736,13.3,0.314,2.533,6.528,72,Gadu,OPENMETEO_API,43,77.907,1.465,83.721
TUN065,IMG_0898.jpg,tungro,3,tungro\IMG_0898.jpg,C:\ML\bigdata\Penyakit_Daun_Padi_Indonesia\tungro\IMG_0898.jpg,73.6,.jpg,f35d156b54134907,train,224,224,True,Otsu,True,"[0.0, 1.0]",0.0063,Kandanghaur,28.485,82.75,18.0,0.314,2.533,4.613,72,Gadu,OPENMETEO_API,43,77.907,1.465,83.721
TUN066,IMG_0899.jpg,tungro,3,tungro\IMG_0899.jpg,C:\ML\bigdata\Penyakit_Daun_Padi_Indonesia\tungro\IMG_0899.jpg,65.9,.jpg,5e06ef3bee063e23,train,224,224,True,Otsu,True,"[0.0, 1.0]",0.0051,Kandanghaur,28.485,82.75,18.0,0.314,2.533,4.613,72,Gadu,OPENMETEO_API,43,77.907,1.465,83.721
TUN067,IMG_0900.jpg,tungro,3,tungro\IMG_0900.jpg,C:\ML\bigdata\Penyakit_Daun_Padi_Indonesia\tungro\IMG_0900.jpg,78.6,.jpg,a192c917491ede2e,train,224,224,True,Otsu,True,"[0.0, 1.0]",0.007,Kandanghaur,28.485,82.75,18.0,0.314,2.533,4.613,72,Gadu,OPENMETEO_API,43,77.907,1.465,83.721
TUN068,IMG_0901.jpg,tungro,3,tungro\IMG_0901.jpg,C:\ML\bigdata\Penyakit_Daun_Padi_Indonesia\tungro\IMG_0901.jpg,69.7,.jpg,0fbaf891c4fa0b6e,val,224,224,True,Otsu,True,"[0.0, 1.0]",0.0057,Patrol,28.289,82.736,13.3,0.314,2.533,6.528,72,Gadu,OPENMETEO_API,43,77.907,1.465,83.721
TUN069,IMG_0902.jpg,tungro,3,tungro\IMG_0902.jpg,C:\ML\bigdata\Penyakit_Daun_Padi_Indonesia\tungro\IMG_0902.jpg,64.2,.jpg,bab04971e6588b48,train,224,224,True,Otsu,True,"[0.0, 1.0]",0.0048,Jatibarang,28.062,82.458,12.0,0.319,2.533,5.075,72,Gadu,OPENMETEO_API,43,77.907,1.465,83.721
TUN070,IMG_0903.jpg,tungro,3,tungro\IMG_0903.jpg,C:\ML\bigdata\Penyakit_Daun_Padi_Indonesia\tungro\IMG_0903.jpg,60.2,.jpg,80bde03d8e3ef7a3,val,224,224,True,Otsu,True,"[0.0, 1.0]",0.0042,Jatibarang,28.062,82.458,12.0,0.319,2.533,5.075,72,Gadu,OPENMETEO_API,43,77.907,1.465,83.721
TUN071,IMG_0904.jpg,tungro,3,tungro\IMG_0904.jpg,C:\ML\bigdata\Penyakit_Daun_Padi_Indonesia\tungro\IMG_0904.jpg,70.4,.jpg,0adf68e62a0f2926,val,224,224,True,Otsu,True,"[0.0, 1.0]",0.0058,Indramayu,28.618,79.361,6.4,0.375,2.533,6.551,72,Gadu,OPENMETEO_API,43,77.907,1.465,83.721
TUN072,IMG_0906.jpg,tungro,3,tungro\IMG_0906.jpg,C:\ML\bigdata\Penyakit_Daun_Padi_Indonesia\tungro\IMG_0906.jpg,42.8,.jpg,dc77e342bcf8adbc,train,224,224,True,Otsu,True,"[0.0, 1.0]",0.0016,Haurgeulis,28.297,82.444,11.0,0.319,2.533,5.251,72,Gadu,OPENMETEO_API,43,77.907,1.465,83.721
TUN073,IMG_0907.jpg,tungro,3,tungro\IMG_0907.jpg,C:\ML\bigdata\Penyakit_Daun_Padi_Indonesia\tungro\IMG_0907.jpg,60.2,.jpg,f5312d4795c10301,train,224,224,True,Otsu,True,"[0.0, 1.0]",0.0042,Jatibarang,28.062,82.458,12.0,0.319,2.533,5.075,72,Gadu,OPENMETEO_API,43,77.907,1.465,83.721
TUN074,IMG_0911.jpg,tungro,3,tungro\IMG_0911.jpg,C:\ML\bigdata\Penyakit_Daun_Padi_Indonesia\tungro\IMG_0911.jpg,94.6,.jpg,cbdc0e2fa2b5c4a0,train,224,224,True,Otsu,True,"[0.0, 1.0]",0.0095,Kandanghaur,28.485,82.75,18.0,0.314,2.533,4.613,72,Gadu,OPENMETEO_API,43,77.907,1.465,83.721
TUN075,IMG_0912.jpg,tungro,3,tungro\IMG_0912.jpg,C:\ML\bigdata\Penyakit_Daun_Padi_Indonesia\tungro\IMG_0912.jpg,58.1,.jpg,456e08fc718a52f1,train,224,224,True,Otsu,True,"[0.0, 1.0]",0.0039,Indramayu,28.618,79.361,6.4,0.375,2.533,6.551,72,Gadu,OPENMETEO_API,43,77.907,1.465,83.721
TUN076,IMG_0913.jpg,tungro,3,tungro\IMG_0913.jpg,C:\ML\bigdata\Penyakit_Daun_Padi_Indonesia\tungro\IMG_0913.jpg,78.7,.jpg,d720a78f82c568f4,val,224,224,True,Otsu,True,"[0.0, 1.0]",0.007,Kandanghaur,28.485,82.75,18.0,0.314,2.533,4.613,72,Gadu,OPENMETEO_API,43,77.907,1.465,83.721
TUN077,IMG_0916.jpg,tungro,3,tungro\IMG_0916.jpg,C:\ML\bigdata\Penyakit_Daun_Padi_Indonesia\tungro\IMG_0916.jpg,38.5,.jpg,fb4492c398112675,train,224,224,True,Otsu,True,"[0.0, 1.0]",0.0009,Patrol,28.289,82.736,13.3,0.314,2.533,6.528,72,Gadu,OPENMETEO_API,43,77.907,1.465,83.721
TUN078,IMG_0917.jpg,tungro,3,tungro\IMG_0917.jpg,C:\ML\bigdata\Penyakit_Daun_Padi_Indonesia\tungro\IMG_0917.jpg,36.7,.jpg,5ced1d1dc5f4421b,train,224,224,True,Otsu,True,"[0.0, 1.0]",0.0006,Patrol,28.289,82.736,13.3,0.314,2.533,6.528,72,Gadu,OPENMETEO_API,43,77.907,1.465,83.721
TUN079,IMG_0923.jpg,tungro,3,tungro\IMG_0923.jpg,C:\ML\bigdata\Penyakit_Daun_Padi_Indonesia\tungro\IMG_0923.jpg,196.0,.jpg,f247252bbdda8ba6,train,224,224,True,Otsu,True,"[0.0, 1.0]",0.0249,Kandanghaur,28.485,82.75,18.0,0.314,2.533,4.613,72,Gadu,OPENMETEO_API,43,77.907,1.465,83.721
TUN080,IMG_1028.jpg,tungro,3,tungro\IMG_1028.jpg,C:\ML\bigdata\Penyakit_Daun_Padi_Indonesia\tungro\IMG_1028.jpg,127.4,.jpg,a5661f152e0b0206,test,224,224,True,Otsu,True,"[0.0, 1.0]",0.0144,Jatibarang,28.062,82.458,12.0,0.319,2.533,5.075,72,Gadu,OPENMETEO_API,43,77.907,1.465,83.721
