image_id,filename,disease_label,disease_code,relative_path,full_path,file_size_kb,img_format,image_hash,split
SEH001,20231006_163740.jpg,sehat,0,sehat\20231006_163740.jpg,C:\ML\bigdata\Penyakit_Daun_Padi_Indonesia\sehat\20231006_163740.jpg,477.0,.jpg,3f1e58038797ccc0,train
SEH002,20231006_163746.jpg,sehat,0,sehat\20231006_163746.jpg,C:\ML\bigdata\Penyakit_Daun_Padi_Indonesia\sehat\20231006_163746.jpg,474.2,.jpg,f14ad280ce177068,train
SEH003,20231006_165517(0).jpg,sehat,0,sehat\20231006_165517(0).jpg,C:\ML\bigdata\Penyakit_Daun_Padi_Indonesia\sehat\20231006_165517(0).jpg,211.2,.jpg,1587ced7449e13fb,train
SEH004,20231006_165518.jpg,sehat,0,sehat\20231006_165518.jpg,C:\ML\bigdata\Penyakit_Daun_Padi_Indonesia\sehat\20231006_165518.jpg,214.3,.jpg,9f12309b9fe61f83,train
SEH005,Healthy_rice_leaf (10).jpg,sehat,0,sehat\Healthy_rice_leaf (10).jpg,C:\ML\bigdata\Penyakit_Daun_Padi_Indonesia\sehat\Healthy_rice_leaf (10).jpg,880.8,.jpg,ec850412e4ba7a08,train
SEH006,Healthy_rice_leaf (100).jpg,sehat,0,sehat\Healthy_rice_leaf (100).jpg,C:\ML\bigdata\Penyakit_Daun_Padi_Indonesia\sehat\Healthy_rice_leaf (100).jpg,6601.0,.jpg,ab85f40af4634928,train
SEH007,Healthy_rice_leaf (101).jpg,sehat,0,sehat\Healthy_rice_leaf (101).jpg,C:\ML\bigdata\Penyakit_Daun_Padi_Indonesia\sehat\Healthy_rice_leaf (101).jpg,4612.3,.jpg,5fe6ececb8849e0f,val
SEH008,Healthy_rice_leaf (102).jpg,sehat,0,sehat\Healthy_rice_leaf (102).jpg,C:\ML\bigdata\Penyakit_Daun_Padi_Indonesia\sehat\Healthy_rice_leaf (102).jpg,5826.6,.jpg,abd0742798d195ed,train
SEH009,Healthy_rice_leaf (106).jpg,sehat,0,sehat\Healthy_rice_leaf (106).jpg,C:\ML\bigdata\Penyakit_Daun_Padi_Indonesia\sehat\Healthy_rice_leaf (106).jpg,1288.4,.jpg,f574fe947fcce0b3,train
SEH010,Healthy_rice_leaf (107).jpg,sehat,0,sehat\Healthy_rice_leaf (107).jpg,C:\ML\bigdata\Penyakit_Daun_Padi_Indonesia\sehat\Healthy_rice_leaf (107).jpg,1818.1,.jpg,94998379853a8a7e,train
SEH011,Healthy_rice_leaf (108).jpg,sehat,0,sehat\Healthy_rice_leaf (108).jpg,C:\ML\bigdata\Penyakit_Daun_Padi_Indonesia\sehat\Healthy_rice_leaf (108).jpg,1908.2,.jpg,831b6fcae0f58558,train
SEH012,Healthy_rice_leaf (109).jpg,sehat,0,sehat\Healthy_rice_leaf (109).jpg,C:\ML\bigdata\Penyakit_Daun_Padi_Indonesia\sehat\Healthy_rice_leaf (109).jpg,1708.6,.jpg,a7d20aa11458fab9,train
SEH013,Healthy_rice_leaf (11).jpg,sehat,0,sehat\Healthy_rice_leaf (11).jpg,C:\ML\bigdata\Penyakit_Daun_Padi_Indonesia\sehat\Healthy_rice_leaf (11).jpg,243.8,.jpg,88ac0f190f6ca57e,train
SEH014,Healthy_rice_leaf (110).jpg,sehat,0,sehat\Healthy_rice_leaf (110).jpg,C:\ML\bigdata\Penyakit_Daun_Padi_Indonesia\sehat\Healthy_rice_leaf (110).jpg,1723.1,.jpg,7d74c31118b025de,train
SEH015,Healthy_rice_leaf (111).jpg,sehat,0,sehat\Healthy_rice_leaf (111).jpg,C:\ML\bigdata\Penyakit_Daun_Padi_Indonesia\sehat\Healthy_rice_leaf (111).jpg,1898.4,.jpg,3731701cc4f0d09e,train
SEH016,Healthy_rice_leaf (112).jpg,sehat,0,sehat\Healthy_rice_leaf (112).jpg,C:\ML\bigdata\Penyakit_Daun_Padi_Indonesia\sehat\Healthy_rice_leaf (112).jpg,1880.0,.jpg,5203eeb4aeaf5543,train
SEH017,Healthy_rice_leaf (113).jpg,sehat,0,sehat\Healthy_rice_leaf (113).jpg,C:\ML\bigdata\Penyakit_Daun_Padi_Indonesia\sehat\Healthy_rice_leaf (113).jpg,1470.6,.jpg,2055344340a637f7,train
SEH018,Healthy_rice_leaf (117).jpg,sehat,0,sehat\Healthy_rice_leaf (117).jpg,C:\ML\bigdata\Penyakit_Daun_Padi_Indonesia\sehat\Healthy_rice_leaf (117).jpg,1917.9,.jpg,9539791b2206d308,train
SEH019,Healthy_rice_leaf (118).jpg,sehat,0,sehat\Healthy_rice_leaf (118).jpg,C:\ML\bigdata\Penyakit_Daun_Padi_Indonesia\sehat\Healthy_rice_leaf (118).jpg,1715.4,.jpg,27ff0457cfd1741e,val
SEH020,Healthy_rice_leaf (119).jpg,sehat,0,sehat\Healthy_rice_leaf (119).jpg,C:\ML\bigdata\Penyakit_Daun_Padi_Indonesia\sehat\Healthy_rice_leaf (119).jpg,1681.7,.jpg,55d14759ab7729c3,train
SEH021,Healthy_rice_leaf (120).jpg,sehat,0,sehat\Healthy_rice_leaf (120).jpg,C:\ML\bigdata\Penyakit_Daun_Padi_Indonesia\sehat\Healthy_rice_leaf (120).jpg,1573.6,.jpg,378a57c2c57f8330,val
SEH022,Healthy_rice_leaf (121).jpg,sehat,0,sehat\Healthy_rice_leaf (121).jpg,C:\ML\bigdata\Penyakit_Daun_Padi_Indonesia\sehat\Healthy_rice_leaf (121).jpg,1494.3,.jpg,72c7b1b63f9ec4f8,train
SEH023,Healthy_rice_leaf (14).jpg,sehat,0,sehat\Healthy_rice_leaf (14).jpg,C:\ML\bigdata\Penyakit_Daun_Padi_Indonesia\sehat\Healthy_rice_leaf (14).jpg,1649.1,.jpg,703452ab019d2557,train
SEH024,Healthy_rice_leaf (179).jpg,sehat,0,sehat\Healthy_rice_leaf (179).jpg,C:\ML\bigdata\Penyakit_Daun_Padi_Indonesia\sehat\Healthy_rice_leaf (179).jpg,560.2,.jpg,335f93c3cec54f88,train
SEH025,Healthy_rice_leaf (18).jpg,sehat,0,sehat\Healthy_rice_leaf (18).jpg,C:\ML\bigdata\Penyakit_Daun_Padi_Indonesia\sehat\Healthy_rice_leaf (18).jpg,297.8,.jpg,4000faf2c5e89762,test
SEH026,Healthy_rice_leaf (19).jpg,sehat,0,sehat\Healthy_rice_leaf (19).jpg,C:\ML\bigdata\Penyakit_Daun_Padi_Indonesia\sehat\Healthy_rice_leaf (19).jpg,491.3,.jpg,7c22ffb308d20834,train
SEH027,Healthy_rice_leaf (20).jpg,sehat,0,sehat\Healthy_rice_leaf (20).jpg,C:\ML\bigdata\Penyakit_Daun_Padi_Indonesia\sehat\Healthy_rice_leaf (20).jpg,3524.0,.jpg,6712c3caecb13316,train
SEH028,Healthy_rice_leaf (21).jpg,sehat,0,sehat\Healthy_rice_leaf (21).jpg,C:\ML\bigdata\Penyakit_Daun_Padi_Indonesia\sehat\Healthy_rice_leaf (21).jpg,485.3,.jpg,1d491a3cdbecf0ea,train
SEH029,Healthy_rice_leaf (22).jpg,sehat,0,sehat\Healthy_rice_leaf (22).jpg,C:\ML\bigdata\Penyakit_Daun_Padi_Indonesia\sehat\Healthy_rice_leaf (22).jpg,125.0,.jpg,02327b4b1d77836d,val
SEH030,Healthy_rice_leaf (23).jpg,sehat,0,sehat\Healthy_rice_leaf (23).jpg,C:\ML\bigdata\Penyakit_Daun_Padi_Indonesia\sehat\Healthy_rice_leaf (23).jpg,501.7,.jpg,3557d18638629fda,train
SEH031,Healthy_rice_leaf (25).jpg,sehat,0,sehat\Healthy_rice_leaf (25).jpg,C:\ML\bigdata\Penyakit_Daun_Padi_Indonesia\sehat\Healthy_rice_leaf (25).jpg,547.5,.jpg,ca16720a974abb18,val
SEH032,Healthy_rice_leaf (29).jpg,sehat,0,sehat\Healthy_rice_leaf (29).jpg,C:\ML\bigdata\Penyakit_Daun_Padi_Indonesia\sehat\Healthy_rice_leaf (29).jpg,557.2,.jpg,2e268b8909009914,train
SEH033,Healthy_rice_leaf (3).jpg,sehat,0,sehat\Healthy_rice_leaf (3).jpg,C:\ML\bigdata\Penyakit_Daun_Padi_Indonesia\sehat\Healthy_rice_leaf (3).jpg,609.8,.jpg,cb71872df51d9d27,train
SEH034,Healthy_rice_leaf (30).jpg,sehat,0,sehat\Healthy_rice_leaf (30).jpg,C:\ML\bigdata\Penyakit_Daun_Padi_Indonesia\sehat\Healthy_rice_leaf (30).jpg,434.5,.jpg,671fa8b46e01825e,test
SEH035,Healthy_rice_leaf (31).jpg,sehat,0,sehat\Healthy_rice_leaf (31).jpg,C:\ML\bigdata\Penyakit_Daun_Padi_Indonesia\sehat\Healthy_rice_leaf (31).jpg,451.3,.jpg,cf2fd1ca22fb6d07,train
SEH036,Healthy_rice_leaf (32).jpg,sehat,0,sehat\Healthy_rice_leaf (32).jpg,C:\ML\bigdata\Penyakit_Daun_Padi_Indonesia\sehat\Healthy_rice_leaf (32).jpg,553.1,.jpg,d5b5e6451d24dde8,train
SEH037,Healthy_rice_leaf (33).jpg,sehat,0,sehat\Healthy_rice_leaf (33).jpg,C:\ML\bigdata\Penyakit_Daun_Padi_Indonesia\sehat\Healthy_rice_leaf (33).jpg,626.0,.jpg,34974c771e74ee01,val
SEH038,Healthy_rice_leaf (34).jpg,sehat,0,sehat\Healthy_rice_leaf (34).jpg,C:\ML\bigdata\Penyakit_Daun_Padi_Indonesia\sehat\Healthy_rice_leaf (34).jpg,534.7,.jpg,b81cd614acec1912,train
SEH039,Healthy_rice_leaf (35).jpg,sehat,0,sehat\Healthy_rice_leaf (35).jpg,C:\ML\bigdata\Penyakit_Daun_Padi_Indonesia\sehat\Healthy_rice_leaf (35).jpg,578.9,.jpg,9b9976a95d315e5e,val
SEH040,Healthy_rice_leaf (36).jpg,sehat,0,sehat\Healthy_rice_leaf (36).jpg,C:\ML\bigdata\Penyakit_Daun_Padi_Indonesia\sehat\Healthy_rice_leaf (36).jpg,568.1,.jpg,03d113fbb1f7fb0d,train
SEH041,Healthy_rice_leaf (40).jpg,sehat,0,sehat\Healthy_rice_leaf (40).jpg,C:\ML\bigdata\Penyakit_Daun_Padi_Indonesia\sehat\Healthy_rice_leaf (40).jpg,563.1,.jpg,16ddfaa3e249f9c5,train
SEH042,Healthy_rice_leaf (41).jpg,sehat,0,sehat\Healthy_rice_leaf (41).jpg,C:\ML\bigdata\Penyakit_Daun_Padi_Indonesia\sehat\Healthy_rice_leaf (41).jpg,570.8,.jpg,e9f728509a9f73f9,train
SEH043,Healthy_rice_leaf (42).jpg,sehat,0,sehat\Healthy_rice_leaf (42).jpg,C:\ML\bigdata\Penyakit_Daun_Padi_Indonesia\sehat\Healthy_rice_leaf (42).jpg,665.9,.jpg,ec33372855ac8ae7,train
SEH044,Healthy_rice_leaf (43).jpg,sehat,0,sehat\Healthy_rice_leaf (43).jpg,C:\ML\bigdata\Penyakit_Daun_Padi_Indonesia\sehat\Healthy_rice_leaf (43).jpg,669.5,.jpg,c2b349c241615290,train
SEH045,Healthy_rice_leaf (44).jpg,sehat,0,sehat\Healthy_rice_leaf (44).jpg,C:\ML\bigdata\Penyakit_Daun_Padi_Indonesia\sehat\Healthy_rice_leaf (44).jpg,704.0,.jpg,387d6af25bdb06fe,train
SEH046,Healthy_rice_leaf (45).jpg,sehat,0,sehat\Healthy_rice_leaf (45).jpg,C:\ML\bigdata\Penyakit_Daun_Padi_Indonesia\sehat\Healthy_rice_leaf (45).jpg,871.1,.jpg,1522296790a9717e,train
SEH047,Healthy_rice_leaf (46).jpg,sehat,0,sehat\Healthy_rice_leaf (46).jpg,C:\ML\bigdata\Penyakit_Daun_Padi_Indonesia\sehat\Healthy_rice_leaf (46).jpg,921.8,.jpg,cf4f857c4575613c,train
SEH048,Healthy_rice_leaf (47).jpg,sehat,0,sehat\Healthy_rice_leaf (47).jpg,C:\ML\bigdata\Penyakit_Daun_Padi_Indonesia\sehat\Healthy_rice_leaf (47).jpg,934.4,.jpg,328b167fc1ff90d6,train
SEH049,Healthy_rice_leaf (51).jpg,sehat,0,sehat\Healthy_rice_leaf (51).jpg,C:\ML\bigdata\Penyakit_Daun_Padi_Indonesia\sehat\Healthy_rice_leaf (51).jpg,857.7,.jpg,31b2d38d6e62b78b,train
SEH050,Healthy_rice_leaf (52).jpg,sehat,0,sehat\Healthy_rice_leaf (52).jpg,C:\ML\bigdata\Penyakit_Daun_Padi_Indonesia\sehat\Healthy_rice_leaf (52).jpg,854.6,.jpg,c4cea20b018a5706,train
SEH051,Healthy_rice_leaf (53).jpg,sehat,0,sehat\Healthy_rice_leaf (53).jpg,C:\ML\bigdata\Penyakit_Daun_Padi_Indonesia\sehat\Healthy_rice_leaf (53).jpg,861.5,.jpg,d517f9fe9abba89e,train
SEH052,Healthy_rice_leaf (54).jpg,sehat,0,sehat\Healthy_rice_leaf (54).jpg,C:\ML\bigdata\Penyakit_Daun_Padi_Indonesia\sehat\Healthy_rice_leaf (54).jpg,850.9,.jpg,9e78e91a700f2fb5,train
SEH053,Healthy_rice_leaf (55).jpg,sehat,0,sehat\Healthy_rice_leaf (55).jpg,C:\ML\bigdata\Penyakit_Daun_Padi_Indonesia\sehat\Healthy_rice_leaf (55).jpg,4810.5,.jpg,fb5a2fe1239eb87d,train
SEH054,Healthy_rice_leaf (56).jpg,sehat,0,sehat\Healthy_rice_leaf (56).jpg,C:\ML\bigdata\Penyakit_Daun_Padi_Indonesia\sehat\Healthy_rice_leaf (56).jpg,775.0,.jpg,d24c07b8e69f0c01,test
SEH055,Healthy_rice_leaf (57).jpg,sehat,0,sehat\Healthy_rice_leaf (57).jpg,C:\ML\bigdata\Penyakit_Daun_Padi_Indonesia\sehat\Healthy_rice_leaf (57).jpg,566.3,.jpg,2a0ec1bb97170d44,train
SEH056,Healthy_rice_leaf (58).jpg,sehat,0,sehat\Healthy_rice_leaf (58).jpg,C:\ML\bigdata\Penyakit_Daun_Padi_Indonesia\sehat\Healthy_rice_leaf (58).jpg,4885.4,.jpg,68c7af2d7c2e6717,train
SEH057,Healthy_rice_leaf (62).jpg,sehat,0,sehat\Healthy_rice_leaf (62).jpg,C:\ML\bigdata\Penyakit_Daun_Padi_Indonesia\sehat\Healthy_rice_leaf (62).jpg,5672.9,.jpg,871abead123f2513,train
SEH058,Healthy_rice_leaf (63).jpg,sehat,0,sehat\Healthy_rice_leaf (63).jpg,C:\ML\bigdata\Penyakit_Daun_Padi_Indonesia\sehat\Healthy_rice_leaf (63).jpg,6231.2,.jpg,55697badde834ac9,train
SEH059,Healthy_rice_leaf (64).jpg,sehat,0,sehat\Healthy_rice_leaf (64).jpg,C:\ML\bigdata\Penyakit_Daun_Padi_Indonesia\sehat\Healthy_rice_leaf (64).jpg,5465.7,.jpg,4500d8a9cf1e9fe1,train
SEH060,Healthy_rice_leaf (65).jpg,sehat,0,sehat\Healthy_rice_leaf (65).jpg,C:\ML\bigdata\Penyakit_Daun_Padi_Indonesia\sehat\Healthy_rice_leaf (65).jpg,5161.5,.jpg,50b1f90087914364,train
SEH061,Healthy_rice_leaf (66).jpg,sehat,0,sehat\Healthy_rice_leaf (66).jpg,C:\ML\bigdata\Penyakit_Daun_Padi_Indonesia\sehat\Healthy_rice_leaf (66).jpg,4952.3,.jpg,cf442dccd909c997,test
SEH062,Healthy_rice_leaf (67).jpg,sehat,0,sehat\Healthy_rice_leaf (67).jpg,C:\ML\bigdata\Penyakit_Daun_Padi_Indonesia\sehat\Healthy_rice_leaf (67).jpg,4506.6,.jpg,f24e533c1a47a3a8,train
SEH063,Healthy_rice_leaf (68).jpg,sehat,0,sehat\Healthy_rice_leaf (68).jpg,C:\ML\bigdata\Penyakit_Daun_Padi_Indonesia\sehat\Healthy_rice_leaf (68).jpg,988.1,.jpg,7022ff8deccf585f,train
SEH064,Healthy_rice_leaf (69).jpg,sehat,0,sehat\Healthy_rice_leaf (69).jpg,C:\ML\bigdata\Penyakit_Daun_Padi_Indonesia\sehat\Healthy_rice_leaf (69).jpg,1096.8,.jpg,40e79662326b83d0,train
SEH065,Healthy_rice_leaf (7).jpg,sehat,0,sehat\Healthy_rice_leaf (7).jpg,C:\ML\bigdata\Penyakit_Daun_Padi_Indonesia\sehat\Healthy_rice_leaf (7).jpg,694.1,.jpg,796125880101e576,val
SEH066,Healthy_rice_leaf (73).jpg,sehat,0,sehat\Healthy_rice_leaf (73).jpg,C:\ML\bigdata\Penyakit_Daun_Padi_Indonesia\sehat\Healthy_rice_leaf (73).jpg,811.5,.jpg,3b12343c45e9b1d6,train
SEH067,Healthy_rice_leaf (74).jpg,sehat,0,sehat\Healthy_rice_leaf (74).jpg,C:\ML\bigdata\Penyakit_Daun_Padi_Indonesia\sehat\Healthy_rice_leaf (74).jpg,733.9,.jpg,a59b73137115151c,train
SEH068,Healthy_rice_leaf (75).jpg,sehat,0,sehat\Healthy_rice_leaf (75).jpg,C:\ML\bigdata\Penyakit_Daun_Padi_Indonesia\sehat\Healthy_rice_leaf (75).jpg,706.6,.jpg,5b3df872f7675933,train
SEH069,Healthy_rice_leaf (76).jpg,sehat,0,sehat\Healthy_rice_leaf (76).jpg,C:\ML\bigdata\Penyakit_Daun_Padi_Indonesia\sehat\Healthy_rice_leaf (76).jpg,780.9,.jpg,ca984903b63b764f,train
SEH070,Healthy_rice_leaf (77).jpg,sehat,0,sehat\Healthy_rice_leaf (77).jpg,C:\ML\bigdata\Penyakit_Daun_Padi_Indonesia\sehat\Healthy_rice_leaf (77).jpg,746.9,.jpg,e17cba31a3ede52e,train
SEH071,Healthy_rice_leaf (78).jpg,sehat,0,sehat\Healthy_rice_leaf (78).jpg,C:\ML\bigdata\Penyakit_Daun_Padi_Indonesia\sehat\Healthy_rice_leaf (78).jpg,756.8,.jpg,4ac3b5b020079ab6,train
SEH072,Healthy_rice_leaf (79).jpg,sehat,0,sehat\Healthy_rice_leaf (79).jpg,C:\ML\bigdata\Penyakit_Daun_Padi_Indonesia\sehat\Healthy_rice_leaf (79).jpg,635.7,.jpg,90c6d9faef8ad83d,test
SEH073,Healthy_rice_leaf (8).jpg,sehat,0,sehat\Healthy_rice_leaf (8).jpg,C:\ML\bigdata\Penyakit_Daun_Padi_Indonesia\sehat\Healthy_rice_leaf (8).jpg,829.0,.jpg,02cb579f3d282f47,val
SEH074,Healthy_rice_leaf (80).jpg,sehat,0,sehat\Healthy_rice_leaf (80).jpg,C:\ML\bigdata\Penyakit_Daun_Padi_Indonesia\sehat\Healthy_rice_leaf (80).jpg,665.1,.jpg,11aab4abe9d05a2d,train
SEH075,Healthy_rice_leaf (84).jpg,sehat,0,sehat\Healthy_rice_leaf (84).jpg,C:\ML\bigdata\Penyakit_Daun_Padi_Indonesia\sehat\Healthy_rice_leaf (84).jpg,744.2,.jpg,5d9a27b97907acaa,train
SEH076,Healthy_rice_leaf (85).jpg,sehat,0,sehat\Healthy_rice_leaf (85).jpg,C:\ML\bigdata\Penyakit_Daun_Padi_Indonesia\sehat\Healthy_rice_leaf (85).jpg,698.1,.jpg,967e16849721214a,train
SEH077,Healthy_rice_leaf (86).jpg,sehat,0,sehat\Healthy_rice_leaf (86).jpg,C:\ML\bigdata\Penyakit_Daun_Padi_Indonesia\sehat\Healthy_rice_leaf (86).jpg,819.5,.jpg,d3c676002a80df90,test
SEH078,Healthy_rice_leaf (87).jpg,sehat,0,sehat\Healthy_rice_leaf (87).jpg,C:\ML\bigdata\Penyakit_Daun_Padi_Indonesia\sehat\Healthy_rice_leaf (87).jpg,550.9,.jpg,c0f54d2100aab414,train
SEH079,Healthy_rice_leaf (88).jpg,sehat,0,sehat\Healthy_rice_leaf (88).jpg,C:\ML\bigdata\Penyakit_Daun_Padi_Indonesia\sehat\Healthy_rice_leaf (88).jpg,4757.7,.jpg,17ead2dc9b39f13f,train
SEH080,Healthy_rice_leaf (9).jpg,sehat,0,sehat\Healthy_rice_leaf (9).jpg,C:\ML\bigdata\Penyakit_Daun_Padi_Indonesia\sehat\Healthy_rice_leaf (9).jpg,829.0,.jpg,02cb579f3d282f47,train
BLA001,IMG_0448.jpg,blast,1,blast\IMG_0448.jpg,C:\ML\bigdata\Penyakit_Daun_Padi_Indonesia\blast\IMG_0448.jpg,49.8,.jpg,55f38550363218af,train
BLA002,IMG_0535.jpg,blast,1,blast\IMG_0535.jpg,C:\ML\bigdata\Penyakit_Daun_Padi_Indonesia\blast\IMG_0535.jpg,33.5,.jpg,85031f2ac9918a10,train
BLA003,IMG_0536.jpg,blast,1,blast\IMG_0536.jpg,C:\ML\bigdata\Penyakit_Daun_Padi_Indonesia\blast\IMG_0536.jpg,81.0,.jpg,bdce573704fd3182,train
BLA004,IMG_0541.jpg,blast,1,blast\IMG_0541.jpg,C:\ML\bigdata\Penyakit_Daun_Padi_Indonesia\blast\IMG_0541.jpg,73.7,.jpg,af2460288df26891,val
BLA005,IMG_0543.jpg,blast,1,blast\IMG_0543.jpg,C:\ML\bigdata\Penyakit_Daun_Padi_Indonesia\blast\IMG_0543.jpg,66.5,.jpg,48e145f66d80c68b,train
BLA006,IMG_0544.jpg,blast,1,blast\IMG_0544.jpg,C:\ML\bigdata\Penyakit_Daun_Padi_Indonesia\blast\IMG_0544.jpg,70.6,.jpg,461a1aaf26649724,train
BLA007,IMG_0545.jpg,blast,1,blast\IMG_0545.jpg,C:\ML\bigdata\Penyakit_Daun_Padi_Indonesia\blast\IMG_0545.jpg,70.0,.jpg,518ca4aec9e79c5b,test
BLA008,IMG_0546.jpg,blast,1,blast\IMG_0546.jpg,C:\ML\bigdata\Penyakit_Daun_Padi_Indonesia\blast\IMG_0546.jpg,44.7,.jpg,104d5f1cb50cace1,train
BLA009,IMG_0547.jpg,blast,1,blast\IMG_0547.jpg,C:\ML\bigdata\Penyakit_Daun_Padi_Indonesia\blast\IMG_0547.jpg,88.7,.jpg,86053ae628804b3e,train
BLA010,IMG_0548.jpg,blast,1,blast\IMG_0548.jpg,C:\ML\bigdata\Penyakit_Daun_Padi_Indonesia\blast\IMG_0548.jpg,56.6,.jpg,3392d45061663442,train
BLA011,IMG_0549.jpg,blast,1,blast\IMG_0549.jpg,C:\ML\bigdata\Penyakit_Daun_Padi_Indonesia\blast\IMG_0549.jpg,100.3,.jpg,f473dc23883353f8,train
BLA012,IMG_0550.jpg,blast,1,blast\IMG_0550.jpg,C:\ML\bigdata\Penyakit_Daun_Padi_Indonesia\blast\IMG_0550.jpg,64.8,.jpg,0e6ccde04c35fed2,train
BLA013,IMG_0551.jpg,blast,1,blast\IMG_0551.jpg,C:\ML\bigdata\Penyakit_Daun_Padi_Indonesia\blast\IMG_0551.jpg,77.3,.jpg,12ae05af7245c491,train
BLA014,IMG_0553.jpg,blast,1,blast\IMG_0553.jpg,C:\ML\bigdata\Penyakit_Daun_Padi_Indonesia\blast\IMG_0553.jpg,80.8,.jpg,da18fcaab7460383,train
BLA015,IMG_0557.jpg,blast,1,blast\IMG_0557.jpg,C:\ML\bigdata\Penyakit_Daun_Padi_Indonesia\blast\IMG_0557.jpg,52.9,.jpg,d865a24c9cfd8b1f,train
BLA016,IMG_0558.jpg,blast,1,blast\IMG_0558.jpg,C:\ML\bigdata\Penyakit_Daun_Padi_Indonesia\blast\IMG_0558.jpg,46.4,.jpg,4527e23e06e1a012,train
BLA017,IMG_0559.jpg,blast,1,blast\IMG_0559.jpg,C:\ML\bigdata\Penyakit_Daun_Padi_Indonesia\blast\IMG_0559.jpg,75.9,.jpg,33cc175217578b2e,test
BLA018,IMG_0560.jpg,blast,1,blast\IMG_0560.jpg,C:\ML\bigdata\Penyakit_Daun_Padi_Indonesia\blast\IMG_0560.jpg,71.4,.jpg,fde2370bae8bbb18,train
BLA019,IMG_0561.jpg,blast,1,blast\IMG_0561.jpg,C:\ML\bigdata\Penyakit_Daun_Padi_Indonesia\blast\IMG_0561.jpg,45.2,.jpg,1166075f023ea109,test
BLA020,IMG_0563.jpg,blast,1,blast\IMG_0563.jpg,C:\ML\bigdata\Penyakit_Daun_Padi_Indonesia\blast\IMG_0563.jpg,67.1,.jpg,39f51f8e84922848,val
BLA021,IMG_0566.jpg,blast,1,blast\IMG_0566.jpg,C:\ML\bigdata\Penyakit_Daun_Padi_Indonesia\blast\IMG_0566.jpg,70.7,.jpg,aa636561834e2113,train
BLA022,IMG_0567.jpg,blast,1,blast\IMG_0567.jpg,C:\ML\bigdata\Penyakit_Daun_Padi_Indonesia\blast\IMG_0567.jpg,80.0,.jpg,ebd95b9f5eb7f27e,train
BLA023,IMG_0569.jpg,blast,1,blast\IMG_0569.jpg,C:\ML\bigdata\Penyakit_Daun_Padi_Indonesia\blast\IMG_0569.jpg,49.2,.jpg,37dd9fc9d6fc006b,train
BLA024,IMG_0570.jpg,blast,1,blast\IMG_0570.jpg,C:\ML\bigdata\Penyakit_Daun_Padi_Indonesia\blast\IMG_0570.jpg,77.5,.jpg,24118f9b9560857e,train
BLA025,IMG_0571.jpg,blast,1,blast\IMG_0571.jpg,C:\ML\bigdata\Penyakit_Daun_Padi_Indonesia\blast\IMG_0571.jpg,75.2,.jpg,a947a480c5b20060,train
BLA026,IMG_0572.jpg,blast,1,blast\IMG_0572.jpg,C:\ML\bigdata\Penyakit_Daun_Padi_Indonesia\blast\IMG_0572.jpg,69.4,.jpg,11c3c20251620c7c,train
BLA027,IMG_0575.jpg,blast,1,blast\IMG_0575.jpg,C:\ML\bigdata\Penyakit_Daun_Padi_Indonesia\blast\IMG_0575.jpg,63.9,.jpg,72bc0a291eb6627b,train
BLA028,IMG_0576.jpg,blast,1,blast\IMG_0576.jpg,C:\ML\bigdata\Penyakit_Daun_Padi_Indonesia\blast\IMG_0576.jpg,90.5,.jpg,6eaf21dbd4be2e98,train
BLA029,IMG_0594.jpg,blast,1,blast\IMG_0594.jpg,C:\ML\bigdata\Penyakit_Daun_Padi_Indonesia\blast\IMG_0594.jpg,41.7,.jpg,b700a9c5675eb4d7,train
BLA030,IMG_0599.jpg,blast,1,blast\IMG_0599.jpg,C:\ML\bigdata\Penyakit_Daun_Padi_Indonesia\blast\IMG_0599.jpg,43.5,.jpg,2a41f9f19b37232e,test
BLA031,IMG_0602.jpg,blast,1,blast\IMG_0602.jpg,C:\ML\bigdata\Penyakit_Daun_Padi_Indonesia\blast\IMG_0602.jpg,59.4,.jpg,34e0493456d87452,val
BLA032,IMG_0603.jpg,blast,1,blast\IMG_0603.jpg,C:\ML\bigdata\Penyakit_Daun_Padi_Indonesia\blast\IMG_0603.jpg,43.1,.jpg,46e953781b92588f,train
BLA033,IMG_0604.jpg,blast,1,blast\IMG_0604.jpg,C:\ML\bigdata\Penyakit_Daun_Padi_Indonesia\blast\IMG_0604.jpg,40.7,.jpg,f6161076dd01e920,train
BLA034,IMG_0605.jpg,blast,1,blast\IMG_0605.jpg,C:\ML\bigdata\Penyakit_Daun_Padi_Indonesia\blast\IMG_0605.jpg,44.4,.jpg,650249da1aabe7e9,train
BLA035,IMG_0607.jpg,blast,1,blast\IMG_0607.jpg,C:\ML\bigdata\Penyakit_Daun_Padi_Indonesia\blast\IMG_0607.jpg,34.9,.jpg,0cbd9707d031a01b,test
BLA036,IMG_0611.jpg,blast,1,blast\IMG_0611.jpg,C:\ML\bigdata\Penyakit_Daun_Padi_Indonesia\blast\IMG_0611.jpg,40.2,.jpg,6632d46be1655b91,val
BLA037,IMG_0612.jpg,blast,1,blast\IMG_0612.jpg,C:\ML\bigdata\Penyakit_Daun_Padi_Indonesia\blast\IMG_0612.jpg,68.0,.jpg,a1f4e4b39cee9dbd,train
BLA038,IMG_0613.jpg,blast,1,blast\IMG_0613.jpg,C:\ML\bigdata\Penyakit_Daun_Padi_Indonesia\blast\IMG_0613.jpg,43.7,.jpg,e3c88a620030f373,train
BLA039,IMG_0622.jpg,blast,1,blast\IMG_0622.jpg,C:\ML\bigdata\Penyakit_Daun_Padi_Indonesia\blast\IMG_0622.jpg,52.3,.jpg,d49ef3ba6e3a2d54,train
BLA040,IMG_0628.jpg,blast,1,blast\IMG_0628.jpg,C:\ML\bigdata\Penyakit_Daun_Padi_Indonesia\blast\IMG_0628.jpg,47.3,.jpg,4f8282aa1199910f,train
BLA041,IMG_0630.jpg,blast,1,blast\IMG_0630.jpg,C:\ML\bigdata\Penyakit_Daun_Padi_Indonesia\blast\IMG_0630.jpg,55.8,.jpg,a467f972de924f29,train
BLA042,IMG_0632.jpg,blast,1,blast\IMG_0632.jpg,C:\ML\bigdata\Penyakit_Daun_Padi_Indonesia\blast\IMG_0632.jpg,64.6,.jpg,4e65672be888bbd5,train
BLA043,IMG_0633.jpg,blast,1,blast\IMG_0633.jpg,C:\ML\bigdata\Penyakit_Daun_Padi_Indonesia\blast\IMG_0633.jpg,52.4,.jpg,ff74b27e3fe63252,train
BLA044,IMG_0635.jpg,blast,1,blast\IMG_0635.jpg,C:\ML\bigdata\Penyakit_Daun_Padi_Indonesia\blast\IMG_0635.jpg,37.7,.jpg,014076f2e157e2f1,train
BLA045,IMG_0636.jpg,blast,1,blast\IMG_0636.jpg,C:\ML\bigdata\Penyakit_Daun_Padi_Indonesia\blast\IMG_0636.jpg,63.3,.jpg,019d0f06f774b411,train
BLA046,IMG_0640.jpg,blast,1,blast\IMG_0640.jpg,C:\ML\bigdata\Penyakit_Daun_Padi_Indonesia\blast\IMG_0640.jpg,71.7,.jpg,9b11a11f9ba53ba0,train
BLA047,IMG_0641.jpg,blast,1,blast\IMG_0641.jpg,C:\ML\bigdata\Penyakit_Daun_Padi_Indonesia\blast\IMG_0641.jpg,74.1,.jpg,c168db2ab6e3faa4,train
BLA048,IMG_0647.jpg,blast,1,blast\IMG_0647.jpg,C:\ML\bigdata\Penyakit_Daun_Padi_Indonesia\blast\IMG_0647.jpg,73.0,.jpg,6b016b76f371da8f,test
BLA049,IMG_0648.jpg,blast,1,blast\IMG_0648.jpg,C:\ML\bigdata\Penyakit_Daun_Padi_Indonesia\blast\IMG_0648.jpg,64.9,.jpg,77f149e6fb43fbca,val
BLA050,IMG_0649.jpg,blast,1,blast\IMG_0649.jpg,C:\ML\bigdata\Penyakit_Daun_Padi_Indonesia\blast\IMG_0649.jpg,60.6,.jpg,79a71f76504f4862,val
BLA051,IMG_0650.jpg,blast,1,blast\IMG_0650.jpg,C:\ML\bigdata\Penyakit_Daun_Padi_Indonesia\blast\IMG_0650.jpg,78.9,.jpg,cc9d2b9e8a5949db,train
BLA052,IMG_0651.jpg,blast,1,blast\IMG_0651.jpg,C:\ML\bigdata\Penyakit_Daun_Padi_Indonesia\blast\IMG_0651.jpg,76.6,.jpg,02269a71fd54b904,train
BLA053,IMG_0652.jpg,blast,1,blast\IMG_0652.jpg,C:\ML\bigdata\Penyakit_Daun_Padi_Indonesia\blast\IMG_0652.jpg,81.8,.jpg,d16b063d93be0bb5,val
BLA054,IMG_0654.jpg,blast,1,blast\IMG_0654.jpg,C:\ML\bigdata\Penyakit_Daun_Padi_Indonesia\blast\IMG_0654.jpg,94.8,.jpg,d5cf4f6138a82294,test
BLA055,IMG_0656.jpg,blast,1,blast\IMG_0656.jpg,C:\ML\bigdata\Penyakit_Daun_Padi_Indonesia\blast\IMG_0656.jpg,95.4,.jpg,d98656520f6ec18f,train
BLA056,IMG_0674.jpg,blast,1,blast\IMG_0674.jpg,C:\ML\bigdata\Penyakit_Daun_Padi_Indonesia\blast\IMG_0674.jpg,65.8,.jpg,0a173758e9b3cf30,train
BLA057,IMG_0675.jpg,blast,1,blast\IMG_0675.jpg,C:\ML\bigdata\Penyakit_Daun_Padi_Indonesia\blast\IMG_0675.jpg,50.7,.jpg,ac67245913f7f878,train
BLA058,IMG_0678.jpg,blast,1,blast\IMG_0678.jpg,C:\ML\bigdata\Penyakit_Daun_Padi_Indonesia\blast\IMG_0678.jpg,47.1,.jpg,62baed822c84a178,train
BLA059,IMG_0680.jpg,blast,1,blast\IMG_0680.jpg,C:\ML\bigdata\Penyakit_Daun_Padi_Indonesia\blast\IMG_0680.jpg,62.2,.jpg,dd354a932c7acd37,train
BLA060,IMG_0681.jpg,blast,1,blast\IMG_0681.jpg,C:\ML\bigdata\Penyakit_Daun_Padi_Indonesia\blast\IMG_0681.jpg,69.3,.jpg,ce35e7d578bfb64b,train
BLA061,IMG_0682.jpg,blast,1,blast\IMG_0682.jpg,C:\ML\bigdata\Penyakit_Daun_Padi_Indonesia\blast\IMG_0682.jpg,64.7,.jpg,8f21570b8f250166,train
BLA062,IMG_0684.jpg,blast,1,blast\IMG_0684.jpg,C:\ML\bigdata\Penyakit_Daun_Padi_Indonesia\blast\IMG_0684.jpg,63.9,.jpg,038fe846dc1f0424,train
BLA063,IMG_0687.jpg,blast,1,blast\IMG_0687.jpg,C:\ML\bigdata\Penyakit_Daun_Padi_Indonesia\blast\IMG_0687.jpg,32.5,.jpg,c221c832d9145b08,train
BLA064,IMG_0691.jpg,blast,1,blast\IMG_0691.jpg,C:\ML\bigdata\Penyakit_Daun_Padi_Indonesia\blast\IMG_0691.jpg,40.5,.jpg,dce2b3762c351a8b,val
BLA065,IMG_0692.jpg,blast,1,blast\IMG_0692.jpg,C:\ML\bigdata\Penyakit_Daun_Padi_Indonesia\blast\IMG_0692.jpg,48.1,.jpg,e3c142713b6f5ed6,train
BLA066,IMG_0694.jpg,blast,1,blast\IMG_0694.jpg,C:\ML\bigdata\Penyakit_Daun_Padi_Indonesia\blast\IMG_0694.jpg,37.2,.jpg,5c8b7c2dfefc42a5,train
BLA067,IMG_0695.jpg,blast,1,blast\IMG_0695.jpg,C:\ML\bigdata\Penyakit_Daun_Padi_Indonesia\blast\IMG_0695.jpg,37.7,.jpg,bd49e07bea0e3725,train
BLA068,IMG_0698.jpg,blast,1,blast\IMG_0698.jpg,C:\ML\bigdata\Penyakit_Daun_Padi_Indonesia\blast\IMG_0698.jpg,61.4,.jpg,dea76331713b3555,train
BLA069,IMG_0701.jpg,blast,1,blast\IMG_0701.jpg,C:\ML\bigdata\Penyakit_Daun_Padi_Indonesia\blast\IMG_0701.jpg,48.8,.jpg,6d204584d0dd80cb,train
BLA070,IMG_0704.jpg,blast,1,blast\IMG_0704.jpg,C:\ML\bigdata\Penyakit_Daun_Padi_Indonesia\blast\IMG_0704.jpg,60.7,.jpg,2b94da2ffab421c6,train
BLA071,IMG_0705.jpg,blast,1,blast\IMG_0705.jpg,C:\ML\bigdata\Penyakit_Daun_Padi_Indonesia\blast\IMG_0705.jpg,67.2,.jpg,43a9cbaf69751d0c,test
BLA072,IMG_0707.jpg,blast,1,blast\IMG_0707.jpg,C:\ML\bigdata\Penyakit_Daun_Padi_Indonesia\blast\IMG_0707.jpg,40.0,.jpg,438ade19679ec9b4,train
BLA073,IMG_0708.jpg,blast,1,blast\IMG_0708.jpg,C:\ML\bigdata\Penyakit_Daun_Padi_Indonesia\blast\IMG_0708.jpg,50.1,.jpg,8c5ee086d09be075,train
BLA074,IMG_0711.jpg,blast,1,blast\IMG_0711.jpg,C:\ML\bigdata\Penyakit_Daun_Padi_Indonesia\blast\IMG_0711.jpg,38.8,.jpg,b84a65c4fb0117f5,train
BLA075,IMG_0713.jpg,blast,1,blast\IMG_0713.jpg,C:\ML\bigdata\Penyakit_Daun_Padi_Indonesia\blast\IMG_0713.jpg,47.4,.jpg,50b4f42005684b7c,train
BLA076,IMG_0716.jpg,blast,1,blast\IMG_0716.jpg,C:\ML\bigdata\Penyakit_Daun_Padi_Indonesia\blast\IMG_0716.jpg,58.0,.jpg,5fac7bf112d9e26a,train
BLA077,IMG_0717.jpg,blast,1,blast\IMG_0717.jpg,C:\ML\bigdata\Penyakit_Daun_Padi_Indonesia\blast\IMG_0717.jpg,64.1,.jpg,b4d671e9e0d2053a,train
BLA078,IMG_0718.jpg,blast,1,blast\IMG_0718.jpg,C:\ML\bigdata\Penyakit_Daun_Padi_Indonesia\blast\IMG_0718.jpg,56.4,.jpg,25abb7a58bc08c70,train
BLA079,IMG_0720.jpg,blast,1,blast\IMG_0720.jpg,C:\ML\bigdata\Penyakit_Daun_Padi_Indonesia\blast\IMG_0720.jpg,36.1,.jpg,8084347b53f0912e,train
BLA080,IMG_0722.jpg,blast,1,blast\IMG_0722.jpg,C:\ML\bigdata\Penyakit_Daun_Padi_Indonesia\blast\IMG_0722.jpg,37.9,.jpg,d1427e6084bcda4b,train
BLI001,IMG_0834.jpg,blight,2,blight\IMG_0834.jpg,C:\ML\bigdata\Penyakit_Daun_Padi_Indonesia\blight\IMG_0834.jpg,53.9,.jpg,4927a8b97cbe5ed0,train
BLI002,IMG_0936.jpg,blight,2,blight\IMG_0936.jpg,C:\ML\bigdata\Penyakit_Daun_Padi_Indonesia\blight\IMG_0936.jpg,103.0,.jpg,de1b0d153a4c1a11,train
BLI003,IMG_0937.jpg,blight,2,blight\IMG_0937.jpg,C:\ML\bigdata\Penyakit_Daun_Padi_Indonesia\blight\IMG_0937.jpg,125.2,.jpg,51850ce5ec1b625e,train
BLI004,IMG_0938.jpg,blight,2,blight\IMG_0938.jpg,C:\ML\bigdata\Penyakit_Daun_Padi_Indonesia\blight\IMG_0938.jpg,113.6,.jpg,723e08fb98ad9045,test
BLI005,IMG_0939.jpg,blight,2,blight\IMG_0939.jpg,C:\ML\bigdata\Penyakit_Daun_Padi_Indonesia\blight\IMG_0939.jpg,94.3,.jpg,c899993f4585b805,val
BLI006,IMG_0941.jpg,blight,2,blight\IMG_0941.jpg,C:\ML\bigdata\Penyakit_Daun_Padi_Indonesia\blight\IMG_0941.jpg,91.9,.jpg,a1f1db4f705dbfd8,train
BLI007,IMG_0943.jpg,blight,2,blight\IMG_0943.jpg,C:\ML\bigdata\Penyakit_Daun_Padi_Indonesia\blight\IMG_0943.jpg,146.7,.jpg,894fb91aeed8e1a0,train
BLI008,IMG_0944.jpg,blight,2,blight\IMG_0944.jpg,C:\ML\bigdata\Penyakit_Daun_Padi_Indonesia\blight\IMG_0944.jpg,172.3,.jpg,8a81cb32eb67b15c,train
BLI009,IMG_0946.jpg,blight,2,blight\IMG_0946.jpg,C:\ML\bigdata\Penyakit_Daun_Padi_Indonesia\blight\IMG_0946.jpg,90.6,.jpg,cd843f8449bd420e,train
BLI010,IMG_0947.jpg,blight,2,blight\IMG_0947.jpg,C:\ML\bigdata\Penyakit_Daun_Padi_Indonesia\blight\IMG_0947.jpg,135.1,.jpg,9b299fc0878fce8d,train
BLI011,IMG_0948.jpg,blight,2,blight\IMG_0948.jpg,C:\ML\bigdata\Penyakit_Daun_Padi_Indonesia\blight\IMG_0948.jpg,93.4,.jpg,f4bd7679f2f89b6b,test
BLI012,IMG_0949.jpg,blight,2,blight\IMG_0949.jpg,C:\ML\bigdata\Penyakit_Daun_Padi_Indonesia\blight\IMG_0949.jpg,128.5,.jpg,1e0d316aa7365c35,train
BLI013,IMG_0950.jpg,blight,2,blight\IMG_0950.jpg,C:\ML\bigdata\Penyakit_Daun_Padi_Indonesia\blight\IMG_0950.jpg,147.4,.jpg,b9bc19264ae72523,train
BLI014,IMG_0952.jpg,blight,2,blight\IMG_0952.jpg,C:\ML\bigdata\Penyakit_Daun_Padi_Indonesia\blight\IMG_0952.jpg,132.7,.jpg,e3dcf67431e61cea,train
BLI015,IMG_0956.jpg,blight,2,blight\IMG_0956.jpg,C:\ML\bigdata\Penyakit_Daun_Padi_Indonesia\blight\IMG_0956.jpg,146.4,.jpg,e38caafefcf51f67,val
BLI016,IMG_0959.jpg,blight,2,blight\IMG_0959.jpg,C:\ML\bigdata\Penyakit_Daun_Padi_Indonesia\blight\IMG_0959.jpg,118.2,.jpg,2470e49520a65aef,train
BLI017,IMG_0962.jpg,blight,2,blight\IMG_0962.jpg,C:\ML\bigdata\Penyakit_Daun_Padi_Indonesia\blight\IMG_0962.jpg,220.0,.jpg,e8dbd7bc363237d6,train
BLI018,IMG_0964.jpg,blight,2,blight\IMG_0964.jpg,C:\ML\bigdata\Penyakit_Daun_Padi_Indonesia\blight\IMG_0964.jpg,212.2,.jpg,5f1583556c7ae7f3,train
BLI019,IMG_0965.jpg,blight,2,blight\IMG_0965.jpg,C:\ML\bigdata\Penyakit_Daun_Padi_Indonesia\blight\IMG_0965.jpg,225.4,.jpg,64af57883a361c1d,train
BLI020,IMG_0966.jpg,blight,2,blight\IMG_0966.jpg,C:\ML\bigdata\Penyakit_Daun_Padi_Indonesia\blight\IMG_0966.jpg,157.2,.jpg,d80816dd3a74406b,train
BLI021,IMG_0971.jpg,blight,2,blight\IMG_0971.jpg,C:\ML\bigdata\Penyakit_Daun_Padi_Indonesia\blight\IMG_0971.jpg,135.6,.jpg,84ab72901e48c2a2,train
BLI022,IMG_0972.jpg,blight,2,blight\IMG_0972.jpg,C:\ML\bigdata\Penyakit_Daun_Padi_Indonesia\blight\IMG_0972.jpg,102.5,.jpg,7d1f8e1d63f3b14c,train
BLI023,IMG_0973.jpg,blight,2,blight\IMG_0973.jpg,C:\ML\bigdata\Penyakit_Daun_Padi_Indonesia\blight\IMG_0973.jpg,122.6,.jpg,807c73bd1c9fb93b,test
BLI024,IMG_0976.jpg,blight,2,blight\IMG_0976.jpg,C:\ML\bigdata\Penyakit_Daun_Padi_Indonesia\blight\IMG_0976.jpg,211.7,.jpg,557d826320dfa419,train
BLI025,IMG_0979.jpg,blight,2,blight\IMG_0979.jpg,C:\ML\bigdata\Penyakit_Daun_Padi_Indonesia\blight\IMG_0979.jpg,96.9,.jpg,8c42c664e9c54bdd,train
BLI026,IMG_0982.jpg,blight,2,blight\IMG_0982.jpg,C:\ML\bigdata\Penyakit_Daun_Padi_Indonesia\blight\IMG_0982.jpg,97.8,.jpg,52c5b6f1f01b15d4,train
BLI027,IMG_0983.jpg,blight,2,blight\IMG_0983.jpg,C:\ML\bigdata\Penyakit_Daun_Padi_Indonesia\blight\IMG_0983.jpg,133.8,.jpg,66ff1750c7082a01,val
BLI028,IMG_0984.jpg,blight,2,blight\IMG_0984.jpg,C:\ML\bigdata\Penyakit_Daun_Padi_Indonesia\blight\IMG_0984.jpg,126.6,.jpg,f6f97e92a89ff79c,train
BLI029,IMG_0985.jpg,blight,2,blight\IMG_0985.jpg,C:\ML\bigdata\Penyakit_Daun_Padi_Indonesia\blight\IMG_0985.jpg,141.4,.jpg,9a0eaeb92043a555,train
BLI030,IMG_0986.jpg,blight,2,blight\IMG_0986.jpg,C:\ML\bigdata\Penyakit_Daun_Padi_Indonesia\blight\IMG_0986.jpg,143.6,.jpg,879e9eb6284ea762,train
BLI031,IMG_0987.jpg,blight,2,blight\IMG_0987.jpg,C:\ML\bigdata\Penyakit_Daun_Padi_Indonesia\blight\IMG_0987.jpg,152.1,.jpg,9c20a6d36baa04c5,train
BLI032,IMG_0990.jpg,blight,2,blight\IMG_0990.jpg,C:\ML\bigdata\Penyakit_Daun_Padi_Indonesia\blight\IMG_0990.jpg,132.4,.jpg,495e1d2fd7771f3f,train
BLI033,IMG_0991.jpg,blight,2,blight\IMG_0991.jpg,C:\ML\bigdata\Penyakit_Daun_Padi_Indonesia\blight\IMG_0991.jpg,112.8,.jpg,0eb6ccd32e1d9327,train
BLI034,IMG_0992.jpg,blight,2,blight\IMG_0992.jpg,C:\ML\bigdata\Penyakit_Daun_Padi_Indonesia\blight\IMG_0992.jpg,109.6,.jpg,295f40b50ff7fa3e,test
BLI035,IMG_0993.jpg,blight,2,blight\IMG_0993.jpg,C:\ML\bigdata\Penyakit_Daun_Padi_Indonesia\blight\IMG_0993.jpg,99.8,.jpg,13b1fd9d7eba52a9,train
BLI036,IMG_0998.jpg,blight,2,blight\IMG_0998.jpg,C:\ML\bigdata\Penyakit_Daun_Padi_Indonesia\blight\IMG_0998.jpg,129.5,.jpg,b8429053c1bf8657,val
BLI037,IMG_0999.jpg,blight,2,blight\IMG_0999.jpg,C:\ML\bigdata\Penyakit_Daun_Padi_Indonesia\blight\IMG_0999.jpg,103.0,.jpg,7d8930fdcd5228a9,train
BLI038,IMG_1001.jpg,blight,2,blight\IMG_1001.jpg,C:\ML\bigdata\Penyakit_Daun_Padi_Indonesia\blight\IMG_1001.jpg,152.1,.jpg,c9d7d8680753a1dc,train
BLI039,IMG_1002.jpg,blight,2,blight\IMG_1002.jpg,C:\ML\bigdata\Penyakit_Daun_Padi_Indonesia\blight\IMG_1002.jpg,174.7,.jpg,0b4cf291bb2bfa83,test
BLI040,IMG_1003.jpg,blight,2,blight\IMG_1003.jpg,C:\ML\bigdata\Penyakit_Daun_Padi_Indonesia\blight\IMG_1003.jpg,153.7,.jpg,79ba1e24cb248b60,val
BLI041,IMG_1004.jpg,blight,2,blight\IMG_1004.jpg,C:\ML\bigdata\Penyakit_Daun_Padi_Indonesia\blight\IMG_1004.jpg,169.5,.jpg,8cc507e07e22e1b9,test
BLI042,IMG_1008.jpg,blight,2,blight\IMG_1008.jpg,C:\ML\bigdata\Penyakit_Daun_Padi_Indonesia\blight\IMG_1008.jpg,165.5,.jpg,8774c03bea5af915,test
BLI043,IMG_1009.jpg,blight,2,blight\IMG_1009.jpg,C:\ML\bigdata\Penyakit_Daun_Padi_Indonesia\blight\IMG_1009.jpg,182.7,.jpg,4869208e16316be4,val
BLI044,IMG_1010.jpg,blight,2,blight\IMG_1010.jpg,C:\ML\bigdata\Penyakit_Daun_Padi_Indonesia\blight\IMG_1010.jpg,132.0,.jpg,aa96cb8fb0584595,train
BLI045,IMG_1011.jpg,blight,2,blight\IMG_1011.jpg,C:\ML\bigdata\Penyakit_Daun_Padi_Indonesia\blight\IMG_1011.jpg,172.3,.jpg,1118dda5a1e9b599,train
BLI046,IMG_1012.jpg,blight,2,blight\IMG_1012.jpg,C:\ML\bigdata\Penyakit_Daun_Padi_Indonesia\blight\IMG_1012.jpg,170.3,.jpg,ec54859aa6fb6775,train
BLI047,IMG_1013.jpg,blight,2,blight\IMG_1013.jpg,C:\ML\bigdata\Penyakit_Daun_Padi_Indonesia\blight\IMG_1013.jpg,130.7,.jpg,e3da16a16df7797c,train
BLI048,IMG_1014.jpg,blight,2,blight\IMG_1014.jpg,C:\ML\bigdata\Penyakit_Daun_Padi_Indonesia\blight\IMG_1014.jpg,192.7,.jpg,d7161ab6662b5a3a,train
BLI049,IMG_1015.jpg,blight,2,blight\IMG_1015.jpg,C:\ML\bigdata\Penyakit_Daun_Padi_Indonesia\blight\IMG_1015.jpg,153.3,.jpg,5946fc2c705058f3,train
BLI050,IMG_1016.jpg,blight,2,blight\IMG_1016.jpg,C:\ML\bigdata\Penyakit_Daun_Padi_Indonesia\blight\IMG_1016.jpg,119.7,.jpg,daca05a8d3b2e00e,test
BLI051,IMG_1020.jpg,blight,2,blight\IMG_1020.jpg,C:\ML\bigdata\Penyakit_Daun_Padi_Indonesia\blight\IMG_1020.jpg,197.5,.jpg,f80b5b10a7550832,train
BLI052,IMG_1021.jpg,blight,2,blight\IMG_1021.jpg,C:\ML\bigdata\Penyakit_Daun_Padi_Indonesia\blight\IMG_1021.jpg,162.4,.jpg,57f259b34b8ec823,train
BLI053,IMG_1022.jpg,blight,2,blight\IMG_1022.jpg,C:\ML\bigdata\Penyakit_Daun_Padi_Indonesia\blight\IMG_1022.jpg,185.1,.jpg,24b9ed2d5170fddd,train
BLI054,IMG_1023.jpg,blight,2,blight\IMG_1023.jpg,C:\ML\bigdata\Penyakit_Daun_Padi_Indonesia\blight\IMG_1023.jpg,184.8,.jpg,d3ddbac1f5c851a7,train
BLI055,IMG_1024.jpg,blight,2,blight\IMG_1024.jpg,C:\ML\bigdata\Penyakit_Daun_Padi_Indonesia\blight\IMG_1024.jpg,121.5,.jpg,025eeb84947e664b,test
BLI056,IMG_1026.jpg,blight,2,blight\IMG_1026.jpg,C:\ML\bigdata\Penyakit_Daun_Padi_Indonesia\blight\IMG_1026.jpg,168.5,.jpg,6db1072141b5c429,test
BLI057,IMG_1027.jpg,blight,2,blight\IMG_1027.jpg,C:\ML\bigdata\Penyakit_Daun_Padi_Indonesia\blight\IMG_1027.jpg,163.5,.jpg,50baae162ced9c3a,train
BLI058,IMG_1029.jpg,blight,2,blight\IMG_1029.jpg,C:\ML\bigdata\Penyakit_Daun_Padi_Indonesia\blight\IMG_1029.jpg,186.0,.jpg,b15ab317b6608733,train
BLI059,IMG_1030.jpg,blight,2,blight\IMG_1030.jpg,C:\ML\bigdata\Penyakit_Daun_Padi_Indonesia\blight\IMG_1030.jpg,197.7,.jpg,b223669478f8048d,train
BLI060,IMG_1031.jpg,blight,2,blight\IMG_1031.jpg,C:\ML\bigdata\Penyakit_Daun_Padi_Indonesia\blight\IMG_1031.jpg,154.6,.jpg,6deddf75c33b7002,train
BLI061,IMG_1033.jpg,blight,2,blight\IMG_1033.jpg,C:\ML\bigdata\Penyakit_Daun_Padi_Indonesia\blight\IMG_1033.jpg,167.7,.jpg,508267b3a00a90af,test
BLI062,IMG_1034.jpg,blight,2,blight\IMG_1034.jpg,C:\ML\bigdata\Penyakit_Daun_Padi_Indonesia\blight\IMG_1034.jpg,156.8,.jpg,d1d89157bfc455a2,train
BLI063,IMG_1035.jpg,blight,2,blight\IMG_1035.jpg,C:\ML\bigdata\Penyakit_Daun_Padi_Indonesia\blight\IMG_1035.jpg,161.1,.jpg,7eed5a2e3aed0608,train
BLI064,IMG_1036.jpg,blight,2,blight\IMG_1036.jpg,C:\ML\bigdata\Penyakit_Daun_Padi_Indonesia\blight\IMG_1036.jpg,165.0,.jpg,b08a5ae53ef379ad,train
BLI065,IMG_1042.jpg,blight,2,blight\IMG_1042.jpg,C:\ML\bigdata\Penyakit_Daun_Padi_Indonesia\blight\IMG_1042.jpg,216.0,.jpg,327c18abe9685f18,train
BLI066,IMG_1043.jpg,blight,2,blight\IMG_1043.jpg,C:\ML\bigdata\Penyakit_Daun_Padi_Indonesia\blight\IMG_1043.jpg,164.2,.jpg,d754e5da3966b1ab,train
BLI067,IMG_1047.jpg,blight,2,blight\IMG_1047.jpg,C:\ML\bigdata\Penyakit_Daun_Padi_Indonesia\blight\IMG_1047.jpg,128.1,.jpg,6c65216f26173674,train
BLI068,IMG_1055.jpg,blight,2,blight\IMG_1055.jpg,C:\ML\bigdata\Penyakit_Daun_Padi_Indonesia\blight\IMG_1055.jpg,157.5,.jpg,360bbaabec0836ec,val
BLI069,IMG_1056.jpg,blight,2,blight\IMG_1056.jpg,C:\ML\bigdata\Penyakit_Daun_Padi_Indonesia\blight\IMG_1056.jpg,160.7,.jpg,10c1bf071db944ac,train
BLI070,IMG_1057.jpg,blight,2,blight\IMG_1057.jpg,C:\ML\bigdata\Penyakit_Daun_Padi_Indonesia\blight\IMG_1057.jpg,116.3,.jpg,b3e041a1018c2358,test
BLI071,IMG_1059.jpg,blight,2,blight\IMG_1059.jpg,C:\ML\bigdata\Penyakit_Daun_Padi_Indonesia\blight\IMG_1059.jpg,131.8,.jpg,d3529bc9d568548b,train
BLI072,IMG_1063.jpg,blight,2,blight\IMG_1063.jpg,C:\ML\bigdata\Penyakit_Daun_Padi_Indonesia\blight\IMG_1063.jpg,209.6,.jpg,6f45ff50cb449cda,train
BLI073,IMG_1064.jpg,blight,2,blight\IMG_1064.jpg,C:\ML\bigdata\Penyakit_Daun_Padi_Indonesia\blight\IMG_1064.jpg,199.7,.jpg,fa41f09b4e996d1e,train
BLI074,IMG_1065.jpg,blight,2,blight\IMG_1065.jpg,C:\ML\bigdata\Penyakit_Daun_Padi_Indonesia\blight\IMG_1065.jpg,159.2,.jpg,a98a1e50004d3357,train
BLI075,IMG_1066.jpg,blight,2,blight\IMG_1066.jpg,C:\ML\bigdata\Penyakit_Daun_Padi_Indonesia\blight\IMG_1066.jpg,228.2,.jpg,fabce6efda1c47a0,train
BLI076,IMG_1068.jpg,blight,2,blight\IMG_1068.jpg,C:\ML\bigdata\Penyakit_Daun_Padi_Indonesia\blight\IMG_1068.jpg,175.9,.jpg,f491d1c7b956aaca,train
BLI077,IMG_1069.jpg,blight,2,blight\IMG_1069.jpg,C:\ML\bigdata\Penyakit_Daun_Padi_Indonesia\blight\IMG_1069.jpg,114.5,.jpg,1cd7978c1685e44b,val
BLI078,IMG_1071.jpg,blight,2,blight\IMG_1071.jpg,C:\ML\bigdata\Penyakit_Daun_Padi_Indonesia\blight\IMG_1071.jpg,76.0,.jpg,23fbf25770d942b9,train
BLI079,IMG_1072.jpg,blight,2,blight\IMG_1072.jpg,C:\ML\bigdata\Penyakit_Daun_Padi_Indonesia\blight\IMG_1072.jpg,81.3,.jpg,27ad198fc9ed7181,train
BLI080,IMG_1075.jpg,blight,2,blight\IMG_1075.jpg,C:\ML\bigdata\Penyakit_Daun_Padi_Indonesia\blight\IMG_1075.jpg,64.4,.jpg,ee493220fa346c23,train
TUN001,IMG_0399.jpg,tungro,3,tungro\IMG_0399.jpg,C:\ML\bigdata\Penyakit_Daun_Padi_Indonesia\tungro\IMG_0399.jpg,119.2,.jpg,94f14b372c88740f,train
TUN002,IMG_0400.jpg,tungro,3,tungro\IMG_0400.jpg,C:\ML\bigdata\Penyakit_Daun_Padi_Indonesia\tungro\IMG_0400.jpg,100.5,.jpg,2cba965e18509eb2,train
TUN003,IMG_0414.jpg,tungro,3,tungro\IMG_0414.jpg,C:\ML\bigdata\Penyakit_Daun_Padi_Indonesia\tungro\IMG_0414.jpg,106.0,.jpg,d050d3679cf34aeb,train
TUN004,IMG_0432.jpg,tungro,3,tungro\IMG_0432.jpg,C:\ML\bigdata\Penyakit_Daun_Padi_Indonesia\tungro\IMG_0432.jpg,54.1,.jpg,8da5d9a1b34a4cd1,test
TUN005,IMG_0581.jpg,tungro,3,tungro\IMG_0581.jpg,C:\ML\bigdata\Penyakit_Daun_Padi_Indonesia\tungro\IMG_0581.jpg,45.1,.jpg,b358b7854ea53c45,train
TUN006,IMG_0582.jpg,tungro,3,tungro\IMG_0582.jpg,C:\ML\bigdata\Penyakit_Daun_Padi_Indonesia\tungro\IMG_0582.jpg,37.9,.jpg,5ee9f0f40712c263,train
TUN007,IMG_0583.jpg,tungro,3,tungro\IMG_0583.jpg,C:\ML\bigdata\Penyakit_Daun_Padi_Indonesia\tungro\IMG_0583.jpg,47.6,.jpg,95359e415690e9cf,train
TUN008,IMG_0584.jpg,tungro,3,tungro\IMG_0584.jpg,C:\ML\bigdata\Penyakit_Daun_Padi_Indonesia\tungro\IMG_0584.jpg,55.1,.jpg,918494aa374218c3,train
TUN009,IMG_0614.jpg,tungro,3,tungro\IMG_0614.jpg,C:\ML\bigdata\Penyakit_Daun_Padi_Indonesia\tungro\IMG_0614.jpg,61.1,.jpg,08a3f574df9eef6e,train
TUN010,IMG_0615.jpg,tungro,3,tungro\IMG_0615.jpg,C:\ML\bigdata\Penyakit_Daun_Padi_Indonesia\tungro\IMG_0615.jpg,84.5,.jpg,dac90a89689c924b,train
TUN011,IMG_0688.jpg,tungro,3,tungro\IMG_0688.jpg,C:\ML\bigdata\Penyakit_Daun_Padi_Indonesia\tungro\IMG_0688.jpg,81.2,.jpg,1d2dd148838b882c,train
TUN012,IMG_0689.jpg,tungro,3,tungro\IMG_0689.jpg,C:\ML\bigdata\Penyakit_Daun_Padi_Indonesia\tungro\IMG_0689.jpg,93.0,.jpg,09361a7d43b00efa,train
TUN013,IMG_0706.jpg,tungro,3,tungro\IMG_0706.jpg,C:\ML\bigdata\Penyakit_Daun_Padi_Indonesia\tungro\IMG_0706.jpg,55.3,.jpg,25371cdf8622bf30,train
TUN014,IMG_0714.jpg,tungro,3,tungro\IMG_0714.jpg,C:\ML\bigdata\Penyakit_Daun_Padi_Indonesia\tungro\IMG_0714.jpg,46.0,.jpg,2a7ce338358d6977,train
TUN015,IMG_0715.jpg,tungro,3,tungro\IMG_0715.jpg,C:\ML\bigdata\Penyakit_Daun_Padi_Indonesia\tungro\IMG_0715.jpg,49.8,.jpg,b5bdb0742eb37f4b,test
TUN016,IMG_0823.jpg,tungro,3,tungro\IMG_0823.jpg,C:\ML\bigdata\Penyakit_Daun_Padi_Indonesia\tungro\IMG_0823.jpg,51.0,.jpg,2f357b2202837bfe,test
TUN017,IMG_0824.jpg,tungro,3,tungro\IMG_0824.jpg,C:\ML\bigdata\Penyakit_Daun_Padi_Indonesia\tungro\IMG_0824.jpg,75.0,.jpg,48cb9195f6627566,train
TUN018,IMG_0825.jpg,tungro,3,tungro\IMG_0825.jpg,C:\ML\bigdata\Penyakit_Daun_Padi_Indonesia\tungro\IMG_0825.jpg,63.6,.jpg,addf2b1df3a0850b,train
TUN019,IMG_0826.jpg,tungro,3,tungro\IMG_0826.jpg,C:\ML\bigdata\Penyakit_Daun_Padi_Indonesia\tungro\IMG_0826.jpg,36.7,.jpg,8117d7c6682cb1b9,train
TUN020,IMG_0827.jpg,tungro,3,tungro\IMG_0827.jpg,C:\ML\bigdata\Penyakit_Daun_Padi_Indonesia\tungro\IMG_0827.jpg,42.1,.jpg,95289865c68d2e54,test
TUN021,IMG_0832.jpg,tungro,3,tungro\IMG_0832.jpg,C:\ML\bigdata\Penyakit_Daun_Padi_Indonesia\tungro\IMG_0832.jpg,64.7,.jpg,3d82bdc33b76fdcf,val
TUN022,IMG_0833.jpg,tungro,3,tungro\IMG_0833.jpg,C:\ML\bigdata\Penyakit_Daun_Padi_Indonesia\tungro\IMG_0833.jpg,61.9,.jpg,89177a8683e9695c,val
TUN023,IMG_0836.jpg,tungro,3,tungro\IMG_0836.jpg,C:\ML\bigdata\Penyakit_Daun_Padi_Indonesia\tungro\IMG_0836.jpg,62.5,.jpg,4781e54e2ad7cbea,train
TUN024,IMG_0844.jpg,tungro,3,tungro\IMG_0844.jpg,C:\ML\bigdata\Penyakit_Daun_Padi_Indonesia\tungro\IMG_0844.jpg,54.1,.jpg,771b03f15349b7cd,train
TUN025,IMG_0845.jpg,tungro,3,tungro\IMG_0845.jpg,C:\ML\bigdata\Penyakit_Daun_Padi_Indonesia\tungro\IMG_0845.jpg,72.3,.jpg,27e5e8d578f3802b,val
TUN026,IMG_0846.jpg,tungro,3,tungro\IMG_0846.jpg,C:\ML\bigdata\Penyakit_Daun_Padi_Indonesia\tungro\IMG_0846.jpg,55.5,.jpg,232834720d9d7756,train
TUN027,IMG_0847.jpg,tungro,3,tungro\IMG_0847.jpg,C:\ML\bigdata\Penyakit_Daun_Padi_Indonesia\tungro\IMG_0847.jpg,65.9,.jpg,e2023d11620aac12,train
TUN028,IMG_0848.jpg,tungro,3,tungro\IMG_0848.jpg,C:\ML\bigdata\Penyakit_Daun_Padi_Indonesia\tungro\IMG_0848.jpg,64.9,.jpg,17ece4d0d5de26c5,test
TUN029,IMG_0849.jpg,tungro,3,tungro\IMG_0849.jpg,C:\ML\bigdata\Penyakit_Daun_Padi_Indonesia\tungro\IMG_0849.jpg,63.6,.jpg,da9c736c44da1e75,train
TUN030,IMG_0850.jpg,tungro,3,tungro\IMG_0850.jpg,C:\ML\bigdata\Penyakit_Daun_Padi_Indonesia\tungro\IMG_0850.jpg,53.7,.jpg,17af08f57fd39cc8,train
TUN031,IMG_0851.jpg,tungro,3,tungro\IMG_0851.jpg,C:\ML\bigdata\Penyakit_Daun_Padi_Indonesia\tungro\IMG_0851.jpg,59.0,.jpg,b77673b6a59e307b,val
TUN032,IMG_0852.jpg,tungro,3,tungro\IMG_0852.jpg,C:\ML\bigdata\Penyakit_Daun_Padi_Indonesia\tungro\IMG_0852.jpg,67.1,.jpg,9152388033eb46f5,train
TUN033,IMG_0853.jpg,tungro,3,tungro\IMG_0853.jpg,C:\ML\bigdata\Penyakit_Daun_Padi_Indonesia\tungro\IMG_0853.jpg,76.7,.jpg,556032c2bc3072a3,train
TUN034,IMG_0854.jpg,tungro,3,tungro\IMG_0854.jpg,C:\ML\bigdata\Penyakit_Daun_Padi_Indonesia\tungro\IMG_0854.jpg,88.3,.jpg,9cfa436edd30e1c8,test
TUN035,IMG_0855.jpg,tungro,3,tungro\IMG_0855.jpg,C:\ML\bigdata\Penyakit_Daun_Padi_Indonesia\tungro\IMG_0855.jpg,66.3,.jpg,6f78b03089c39f73,train
TUN036,IMG_0857.jpg,tungro,3,tungro\IMG_0857.jpg,C:\ML\bigdata\Penyakit_Daun_Padi_Indonesia\tungro\IMG_0857.jpg,68.3,.jpg,5a9cb65a5102e1f9,train
TUN037,IMG_0858.jpg,tungro,3,tungro\IMG_0858.jpg,C:\ML\bigdata\Penyakit_Daun_Padi_Indonesia\tungro\IMG_0858.jpg,89.5,.jpg,8d036bff6796279b,train
TUN038,IMG_0859.jpg,tungro,3,tungro\IMG_0859.jpg,C:\ML\bigdata\Penyakit_Daun_Padi_Indonesia\tungro\IMG_0859.jpg,133.9,.jpg,dfe66fe592515eca,train
TUN039,IMG_0860.jpg,tungro,3,tungro\IMG_0860.jpg,C:\ML\bigdata\Penyakit_Daun_Padi_Indonesia\tungro\IMG_0860.jpg,86.9,.jpg,9c476f0ef502383f,train
TUN040,IMG_0861.jpg,tungro,3,tungro\IMG_0861.jpg,C:\ML\bigdata\Penyakit_Daun_Padi_Indonesia\tungro\IMG_0861.jpg,76.3,.jpg,3583220535b4c730,train
TUN041,IMG_0864.jpg,tungro,3,tungro\IMG_0864.jpg,C:\ML\bigdata\Penyakit_Daun_Padi_Indonesia\tungro\IMG_0864.jpg,43.4,.jpg,386914393e231c52,train
TUN042,IMG_0865.jpg,tungro,3,tungro\IMG_0865.jpg,C:\ML\bigdata\Penyakit_Daun_Padi_Indonesia\tungro\IMG_0865.jpg,91.1,.jpg,040292ce8ab2dc03,train
TUN043,IMG_0866.jpg,tungro,3,tungro\IMG_0866.jpg,C:\ML\bigdata\Penyakit_Daun_Padi_Indonesia\tungro\IMG_0866.jpg,67.3,.jpg,408e12e1a7e4141d,train
TUN044,IMG_0867.jpg,tungro,3,tungro\IMG_0867.jpg,C:\ML\bigdata\Penyakit_Daun_Padi_Indonesia\tungro\IMG_0867.jpg,61.9,.jpg,a2ec8575a9e38294,train
TUN045,IMG_0868.jpg,tungro,3,tungro\IMG_0868.jpg,C:\ML\bigdata\Penyakit_Daun_Padi_Indonesia\tungro\IMG_0868.jpg,110.7,.jpg,a7e0e26a50bd60a6,train
TUN046,IMG_0869.jpg,tungro,3,tungro\IMG_0869.jpg,C:\ML\bigdata\Penyakit_Daun_Padi_Indonesia\tungro\IMG_0869.jpg,52.7,.jpg,5326894010049b9b,test
TUN047,IMG_0872.jpg,tungro,3,tungro\IMG_0872.jpg,C:\ML\bigdata\Penyakit_Daun_Padi_Indonesia\tungro\IMG_0872.jpg,77.7,.jpg,be82134280b6ba8e,val
TUN048,IMG_0876.jpg,tungro,3,tungro\IMG_0876.jpg,C:\ML\bigdata\Penyakit_Daun_Padi_Indonesia\tungro\IMG_0876.jpg,133.5,.jpg,a3612095e264f754,train
TUN049,IMG_0878.jpg,tungro,3,tungro\IMG_0878.jpg,C:\ML\bigdata\Penyakit_Daun_Padi_Indonesia\tungro\IMG_0878.jpg,185.4,.jpg,03111b194e2e4dca,train
TUN050,IMG_0879.jpg,tungro,3,tungro\IMG_0879.jpg,C:\ML\bigdata\Penyakit_Daun_Padi_Indonesia\tungro\IMG_0879.jpg,149.7,.jpg,0e8ec22939eeb8ed,train
TUN051,IMG_0880.jpg,tungro,3,tungro\IMG_0880.jpg,C:\ML\bigdata\Penyakit_Daun_Padi_Indonesia\tungro\IMG_0880.jpg,54.2,.jpg,b5092cb7e0c33c76,train
TUN052,IMG_0881.jpg,tungro,3,tungro\IMG_0881.jpg,C:\ML\bigdata\Penyakit_Daun_Padi_Indonesia\tungro\IMG_0881.jpg,61.7,.jpg,17faec60e326b5b7,train
TUN053,IMG_0882.jpg,tungro,3,tungro\IMG_0882.jpg,C:\ML\bigdata\Penyakit_Daun_Padi_Indonesia\tungro\IMG_0882.jpg,89.0,.jpg,ffc5c931cf287bb4,train
TUN054,IMG_0883.jpg,tungro,3,tungro\IMG_0883.jpg,C:\ML\bigdata\Penyakit_Daun_Padi_Indonesia\tungro\IMG_0883.jpg,120.9,.jpg,80c165204466b607,train
TUN055,IMG_0885.jpg,tungro,3,tungro\IMG_0885.jpg,C:\ML\bigdata\Penyakit_Daun_Padi_Indonesia\tungro\IMG_0885.jpg,85.6,.jpg,74e534f1912fa798,train
TUN056,IMG_0886.jpg,tungro,3,tungro\IMG_0886.jpg,C:\ML\bigdata\Penyakit_Daun_Padi_Indonesia\tungro\IMG_0886.jpg,70.8,.jpg,9f493f5346ae36e6,train
TUN057,IMG_0887.jpg,tungro,3,tungro\IMG_0887.jpg,C:\ML\bigdata\Penyakit_Daun_Padi_Indonesia\tungro\IMG_0887.jpg,81.0,.jpg,bd472a0b38f4878c,train
TUN058,IMG_0888.jpg,tungro,3,tungro\IMG_0888.jpg,C:\ML\bigdata\Penyakit_Daun_Padi_Indonesia\tungro\IMG_0888.jpg,45.5,.jpg,7e189ed5acb82473,train
TUN059,IMG_0889.jpg,tungro,3,tungro\IMG_0889.jpg,C:\ML\bigdata\Penyakit_Daun_Padi_Indonesia\tungro\IMG_0889.jpg,89.6,.jpg,397bb10eb4f57836,train
TUN060,IMG_0890.jpg,tungro,3,tungro\IMG_0890.jpg,C:\ML\bigdata\Penyakit_Daun_Padi_Indonesia\tungro\IMG_0890.jpg,42.9,.jpg,56cebcda87587510,val
TUN061,IMG_0891.jpg,tungro,3,tungro\IMG_0891.jpg,C:\ML\bigdata\Penyakit_Daun_Padi_Indonesia\tungro\IMG_0891.jpg,81.1,.jpg,591cacf29454f8f1,test
TUN062,IMG_0895.jpg,tungro,3,tungro\IMG_0895.jpg,C:\ML\bigdata\Penyakit_Daun_Padi_Indonesia\tungro\IMG_0895.jpg,45.8,.jpg,ee27270104366ad2,train
TUN063,IMG_0896.jpg,tungro,3,tungro\IMG_0896.jpg,C:\ML\bigdata\Penyakit_Daun_Padi_Indonesia\tungro\IMG_0896.jpg,57.1,.jpg,65873eb3a75bf59e,val
TUN064,IMG_0897.jpg,tungro,3,tungro\IMG_0897.jpg,C:\ML\bigdata\Penyakit_Daun_Padi_Indonesia\tungro\IMG_0897.jpg,67.9,.jpg,c6dd190a904a7911,train
TUN065,IMG_0898.jpg,tungro,3,tungro\IMG_0898.jpg,C:\ML\bigdata\Penyakit_Daun_Padi_Indonesia\tungro\IMG_0898.jpg,73.6,.jpg,f35d156b54134907,train
TUN066,IMG_0899.jpg,tungro,3,tungro\IMG_0899.jpg,C:\ML\bigdata\Penyakit_Daun_Padi_Indonesia\tungro\IMG_0899.jpg,65.9,.jpg,5e06ef3bee063e23,train
TUN067,IMG_0900.jpg,tungro,3,tungro\IMG_0900.jpg,C:\ML\bigdata\Penyakit_Daun_Padi_Indonesia\tungro\IMG_0900.jpg,78.6,.jpg,a192c917491ede2e,train
TUN068,IMG_0901.jpg,tungro,3,tungro\IMG_0901.jpg,C:\ML\bigdata\Penyakit_Daun_Padi_Indonesia\tungro\IMG_0901.jpg,69.7,.jpg,0fbaf891c4fa0b6e,val
TUN069,IMG_0902.jpg,tungro,3,tungro\IMG_0902.jpg,C:\ML\bigdata\Penyakit_Daun_Padi_Indonesia\tungro\IMG_0902.jpg,64.2,.jpg,bab04971e6588b48,train
TUN070,IMG_0903.jpg,tungro,3,tungro\IMG_0903.jpg,C:\ML\bigdata\Penyakit_Daun_Padi_Indonesia\tungro\IMG_0903.jpg,60.2,.jpg,80bde03d8e3ef7a3,val
TUN071,IMG_0904.jpg,tungro,3,tungro\IMG_0904.jpg,C:\ML\bigdata\Penyakit_Daun_Padi_Indonesia\tungro\IMG_0904.jpg,70.4,.jpg,0adf68e62a0f2926,val
TUN072,IMG_0906.jpg,tungro,3,tungro\IMG_0906.jpg,C:\ML\bigdata\Penyakit_Daun_Padi_Indonesia\tungro\IMG_0906.jpg,42.8,.jpg,dc77e342bcf8adbc,train
TUN073,IMG_0907.jpg,tungro,3,tungro\IMG_0907.jpg,C:\ML\bigdata\Penyakit_Daun_Padi_Indonesia\tungro\IMG_0907.jpg,60.2,.jpg,f5312d4795c10301,train
TUN074,IMG_0911.jpg,tungro,3,tungro\IMG_0911.jpg,C:\ML\bigdata\Penyakit_Daun_Padi_Indonesia\tungro\IMG_0911.jpg,94.6,.jpg,cbdc0e2fa2b5c4a0,train
TUN075,IMG_0912.jpg,tungro,3,tungro\IMG_0912.jpg,C:\ML\bigdata\Penyakit_Daun_Padi_Indonesia\tungro\IMG_0912.jpg,58.1,.jpg,456e08fc718a52f1,train
TUN076,IMG_0913.jpg,tungro,3,tungro\IMG_0913.jpg,C:\ML\bigdata\Penyakit_Daun_Padi_Indonesia\tungro\IMG_0913.jpg,78.7,.jpg,d720a78f82c568f4,val
TUN077,IMG_0916.jpg,tungro,3,tungro\IMG_0916.jpg,C:\ML\bigdata\Penyakit_Daun_Padi_Indonesia\tungro\IMG_0916.jpg,38.5,.jpg,fb4492c398112675,train
TUN078,IMG_0917.jpg,tungro,3,tungro\IMG_0917.jpg,C:\ML\bigdata\Penyakit_Daun_Padi_Indonesia\tungro\IMG_0917.jpg,36.7,.jpg,5ced1d1dc5f4421b,train
TUN079,IMG_0923.jpg,tungro,3,tungro\IMG_0923.jpg,C:\ML\bigdata\Penyakit_Daun_Padi_Indonesia\tungro\IMG_0923.jpg,196.0,.jpg,f247252bbdda8ba6,train
TUN080,IMG_1028.jpg,tungro,3,tungro\IMG_1028.jpg,C:\ML\bigdata\Penyakit_Daun_Padi_Indonesia\tungro\IMG_1028.jpg,127.4,.jpg,a5661f152e0b0206,test
